-- ============================================
-- CAMPFIRE Seed Data
-- Generated: 2026-02-08T09:52:08.866709
-- Objects: 30 | Spectra: 38
-- Comments: 4 | Audit Entries: 78
--
-- Test Users:
--   admin@campfire.dev / password123 (admin, all programs)
--   user@campfire.dev  / password123 (regular, public programs)
--   viewer@campfire.dev / password123 (read-only, public programs)
-- ============================================

-- Migration sets search_path to empty; restore it for seed
SET search_path TO public, auth, extensions;


-- ============================================
-- 1. Auth Users (test accounts)
-- ============================================

INSERT INTO auth.users (
    id, instance_id, aud, role, email,
    encrypted_password, email_confirmed_at,
    created_at, updated_at, confirmation_token,
    recovery_token, email_change_token_new, email_change
) VALUES (
    '11111111-1111-1111-1111-111111111111',
    '00000000-0000-0000-0000-000000000000',
    'authenticated',
    'authenticated',
    'admin@campfire.dev',
    extensions.crypt('password123', extensions.gen_salt('bf')),
    NOW(),
    NOW(),
    NOW(),
    '',
    '',
    '',
    ''
);

INSERT INTO auth.identities (
    id, user_id, identity_data, provider, provider_id,
    last_sign_in_at, created_at, updated_at
) VALUES (
    gen_random_uuid(),
    '11111111-1111-1111-1111-111111111111',
    jsonb_build_object('sub', '11111111-1111-1111-1111-111111111111', 'email', 'admin@campfire.dev'),
    'email',
    '11111111-1111-1111-1111-111111111111',
    NOW(),
    NOW(),
    NOW()
);

INSERT INTO auth.users (
    id, instance_id, aud, role, email,
    encrypted_password, email_confirmed_at,
    created_at, updated_at, confirmation_token,
    recovery_token, email_change_token_new, email_change
) VALUES (
    '22222222-2222-2222-2222-222222222222',
    '00000000-0000-0000-0000-000000000000',
    'authenticated',
    'authenticated',
    'user@campfire.dev',
    extensions.crypt('password123', extensions.gen_salt('bf')),
    NOW(),
    NOW(),
    NOW(),
    '',
    '',
    '',
    ''
);

INSERT INTO auth.identities (
    id, user_id, identity_data, provider, provider_id,
    last_sign_in_at, created_at, updated_at
) VALUES (
    gen_random_uuid(),
    '22222222-2222-2222-2222-222222222222',
    jsonb_build_object('sub', '22222222-2222-2222-2222-222222222222', 'email', 'user@campfire.dev'),
    'email',
    '22222222-2222-2222-2222-222222222222',
    NOW(),
    NOW(),
    NOW()
);

INSERT INTO auth.users (
    id, instance_id, aud, role, email,
    encrypted_password, email_confirmed_at,
    created_at, updated_at, confirmation_token,
    recovery_token, email_change_token_new, email_change
) VALUES (
    '33333333-3333-3333-3333-333333333333',
    '00000000-0000-0000-0000-000000000000',
    'authenticated',
    'authenticated',
    'viewer@campfire.dev',
    extensions.crypt('password123', extensions.gen_salt('bf')),
    NOW(),
    NOW(),
    NOW(),
    '',
    '',
    '',
    ''
);

INSERT INTO auth.identities (
    id, user_id, identity_data, provider, provider_id,
    last_sign_in_at, created_at, updated_at
) VALUES (
    gen_random_uuid(),
    '33333333-3333-3333-3333-333333333333',
    jsonb_build_object('sub', '33333333-3333-3333-3333-333333333333', 'email', 'viewer@campfire.dev'),
    'email',
    '33333333-3333-3333-3333-333333333333',
    NOW(),
    NOW(),
    NOW()
);

-- ============================================
-- 2. Programs
-- ============================================

INSERT INTO public.programs (program_id, program_name, pi_name, description, is_public)
VALUES (6368, 'CAPERS', 'M. Dickinson', 'CANDELS Area PRISM Epoch of Reionization Survey', TRUE);
INSERT INTO public.programs (program_id, program_name, pi_name, description, is_public)
VALUES (7076, 'EMBER', 'H. Akins', 'Early Massive Black Hole Reddening & Evolution', FALSE);
INSERT INTO public.programs (program_id, program_name, pi_name, description, is_public)
VALUES (7417, 'ZENITH', 'C. Casey', 'Brightest z~10-12 galaxies in COSMOS', FALSE);
INSERT INTO public.programs (program_id, program_name, pi_name, description, is_public)
VALUES (6585, 'COSMOS-DDT', 'D. Coulter', 'High-z Menagerie', TRUE);
INSERT INTO public.programs (program_id, program_name, pi_name, description, is_public)
VALUES (5224, 'MoM', 'R. Naidu', 'Mirage or Miracle?', TRUE);
INSERT INTO public.programs (program_id, program_name, pi_name, description, is_public)
VALUES (4233, 'RUBIES', 'A. de Graaff', 'Red Unknowns: Bright Infrared Extragalactic Survey', TRUE);
INSERT INTO public.programs (program_id, program_name, pi_name, description, is_public)
VALUES (2750, 'CEERS-DDT', 'P. Arrabal Haro', 'Spectroscopic follow-up of ultra high-z candidates in CEERS', TRUE);

-- ============================================
-- 3. Flag Definitions
-- ============================================

INSERT INTO public.flag_definitions (category, bit_position, value, label, short_label, icon, color, description)
VALUES ('redshift_quality', NULL, 0, 'Not Inspected', 'None', '⚪', '#e0e0e0', 'Not yet visually inspected');
INSERT INTO public.flag_definitions (category, bit_position, value, label, short_label, icon, color, description)
VALUES ('redshift_quality', NULL, 1, 'Impossible', 'Bad', '🔴', '#dc3545', 'Impossible to determine redshift from available data');
INSERT INTO public.flag_definitions (category, bit_position, value, label, short_label, icon, color, description)
VALUES ('redshift_quality', NULL, 2, 'Tentative', 'Tent.', '🟠', '#ffc107', 'Redshift uncertain but plausible (~50% confidence)');
INSERT INTO public.flag_definitions (category, bit_position, value, label, short_label, icon, color, description)
VALUES ('redshift_quality', NULL, 3, 'Probable', 'Prob.', '🟡', '#ff9800', 'Redshift likely correct (~80% confidence)');
INSERT INTO public.flag_definitions (category, bit_position, value, label, short_label, icon, color, description)
VALUES ('redshift_quality', NULL, 4, 'Secure', 'Secure', '🟢', '#28a745', 'Redshift definitely correct (>95% confidence)');
INSERT INTO public.flag_definitions (category, bit_position, value, label, short_label, icon, color, description)
VALUES ('spectral_features', 0, 1, 'Continuum Shape', 'Cont', '📊', '#e8f5e9', 'Redshift constrained by the overall continuum shape');
INSERT INTO public.flag_definitions (category, bit_position, value, label, short_label, icon, color, description)
VALUES ('spectral_features', 1, 2, 'Lyman Break', 'LB', '💧', '#e3f2fd', 'Clear Lyman break');
INSERT INTO public.flag_definitions (category, bit_position, value, label, short_label, icon, color, description)
VALUES ('spectral_features', 2, 4, 'Balmer Break', 'BB', '📈', '#f3e5f5', 'Clear Balmer break');
INSERT INTO public.flag_definitions (category, bit_position, value, label, short_label, icon, color, description)
VALUES ('spectral_features', 3, 8, 'Absorption Features', 'ABS', '〰️', '#f1f8e9', 'Absorption lines/features identified');
INSERT INTO public.flag_definitions (category, bit_position, value, label, short_label, icon, color, description)
VALUES ('spectral_features', 4, 16, 'Single Emission Line', '1EM', '☝️', '#fff3e0', 'Single emission line');
INSERT INTO public.flag_definitions (category, bit_position, value, label, short_label, icon, color, description)
VALUES ('spectral_features', 5, 32, 'Multiple Emission Lines', 'MEM', '✌️', '#ffebee', 'Multiple emission lines');
INSERT INTO public.flag_definitions (category, bit_position, value, label, short_label, icon, color, description)
VALUES ('object_flags', 0, 1, 'Little Red Dot', 'LRD', '🔴', '#ffcccb', 'Little red dot');
INSERT INTO public.flag_definitions (category, bit_position, value, label, short_label, icon, color, description)
VALUES ('object_flags', 1, 2, 'Broad Line', 'BL', '🌋', '#c8e6c9', 'Broad emission line');
INSERT INTO public.flag_definitions (category, bit_position, value, label, short_label, icon, color, description)
VALUES ('object_flags', 2, 4, 'Lyα Emitter', 'LAE', '✨', '#bbdefb', 'Strong Lyman-alpha emission');
INSERT INTO public.flag_definitions (category, bit_position, value, label, short_label, icon, color, description)
VALUES ('object_flags', 3, 8, 'Balmer Break Galaxy', 'BBG', '🌌', '#e1bee7', 'Strong Balmer break indicating evolved stellar population');
INSERT INTO public.flag_definitions (category, bit_position, value, label, short_label, icon, color, description)
VALUES ('object_flags', 4, 16, '[OIII] Emitter', 'O3E', '⚡️', '#fff59d', 'Strong [OIII]4959,5007 emitter');
INSERT INTO public.flag_definitions (category, bit_position, value, label, short_label, icon, color, description)
VALUES ('object_flags', 5, 32, 'Hα Emitter', 'HAE', '🔥', '#f398ad', 'Strong H-alpha emitter');
INSERT INTO public.flag_definitions (category, bit_position, value, label, short_label, icon, color, description)
VALUES ('object_flags', 6, 64, 'Quiescent', 'QG', '😴', '#d7ccc8', 'Quiescent galaxy with little star formation');
INSERT INTO public.flag_definitions (category, bit_position, value, label, short_label, icon, color, description)
VALUES ('object_flags', 7, 128, 'Dusty', 'DUST', '🌫️', '#ffccbc', 'Significant dust attenuation');
INSERT INTO public.flag_definitions (category, bit_position, value, label, short_label, icon, color, description)
VALUES ('object_flags', 8, 256, 'Star', 'STAR', '⭐', '#ffeb3b', 'Stellar spectrum');
INSERT INTO public.flag_definitions (category, bit_position, value, label, short_label, icon, color, description)
VALUES ('dq_flags', 0, 1, 'Chip Gap', 'GAP', '⚠️', '#fff9c4', 'Spectrum affected by detector chip gap');
INSERT INTO public.flag_definitions (category, bit_position, value, label, short_label, icon, color, description)
VALUES ('dq_flags', 1, 2, 'Contamination', 'CONTAM', '🚫', '#ffe0b2', 'Contamination from nearby source or open shutter');
INSERT INTO public.flag_definitions (category, bit_position, value, label, short_label, icon, color, description)
VALUES ('dq_flags', 2, 4, 'Stuck Closed Shutter', 'CLOSED', '🔒', '#ffcdd2', 'Possible stuck closed shutter');
INSERT INTO public.flag_definitions (category, bit_position, value, label, short_label, icon, color, description)
VALUES ('dq_flags', 3, 8, 'Multiple Sources', 'MULT', '👥', '#b3e5fc', 'Multiple sources in slitlet');
INSERT INTO public.flag_definitions (category, bit_position, value, label, short_label, icon, color, description)
VALUES ('dq_flags', 4, 16, 'No Detection', 'NONE', '❌', '#e0e0e0', 'No source detected in spectrum');
INSERT INTO public.flag_definitions (category, bit_position, value, label, short_label, icon, color, description)
VALUES ('dq_flags', 5, 32, 'Low S/N', 'SNR', '📉', '#ffecb3', 'Low signal-to-noise ratio');
INSERT INTO public.flag_definitions (category, bit_position, value, label, short_label, icon, color, description)
VALUES ('dq_flags', 6, 64, 'Spectral Overlap', 'OVER', '🔗', '#f3e5f5', 'Spectral overlap in grating spectrum');
INSERT INTO public.flag_definitions (category, bit_position, value, label, short_label, icon, color, description)
VALUES ('dq_flags', 7, 128, 'PRISM Corrupted', 'P-BAD', '🌈❌', '#ffccbc', 'PRISM data corrupted or unusable');
INSERT INTO public.flag_definitions (category, bit_position, value, label, short_label, icon, color, description)
VALUES ('dq_flags', 8, 256, 'Grating Corrupted', 'G-BAD', '🔴❌', '#ffcdd2', 'Grating data corrupted or unusable');

-- ============================================
-- 4. User Profiles
-- ============================================

INSERT INTO public.user_profiles (user_id, full_name, is_admin, can_comment)
VALUES ('11111111-1111-1111-1111-111111111111', 'Admin User', TRUE, TRUE);
INSERT INTO public.user_profiles (user_id, full_name, is_admin, can_comment)
VALUES ('22222222-2222-2222-2222-222222222222', 'Regular User', FALSE, TRUE);
INSERT INTO public.user_profiles (user_id, full_name, is_admin, can_comment)
VALUES ('33333333-3333-3333-3333-333333333333', 'Viewer User', FALSE, FALSE);

-- ============================================
-- 5. Objects (from production)
-- ============================================

INSERT INTO public.objects (id, object_id, program_id, field, ra, dec, redshift_auto, redshift_inspected, redshift_quality, spectral_features, object_flags, dq_flags, last_inspected_at, last_inspected_by, has_sed_plot)
VALUES (7917, 'rubies_uds_p23_146223', 4233, 'uds', 34.36377295039, -5.14078618006, 8.28, NULL, 4, 35, 16, 0, '2025-12-16T16:03:53.75+00:00', '11111111-1111-1111-1111-111111111111', FALSE);
INSERT INTO public.objects (id, object_id, program_id, field, ra, dec, redshift_auto, redshift_inspected, redshift_quality, spectral_features, object_flags, dq_flags, last_inspected_at, last_inspected_by, has_sed_plot)
VALUES (8171, 'rubies_uds_p23_930419', 4233, 'uds', 34.3637723, -5.1407869, 8.28, NULL, 4, 35, 16, 0, '2025-12-16T16:04:09.553+00:00', '11111111-1111-1111-1111-111111111111', FALSE);
INSERT INTO public.objects (id, object_id, program_id, field, ra, dec, redshift_auto, redshift_inspected, redshift_quality, spectral_features, object_flags, dq_flags, last_inspected_at, last_inspected_by, has_sed_plot)
VALUES (8381, 'rubies_uds_p32_166477', 4233, 'uds', 34.46408536059, -5.11194493799, 7.75, NULL, 3, 32, 16, 0, '2026-01-19T16:44:13.814+00:00', '11111111-1111-1111-1111-111111111111', FALSE);
INSERT INTO public.objects (id, object_id, program_id, field, ra, dec, redshift_auto, redshift_inspected, redshift_quality, spectral_features, object_flags, dq_flags, last_inspected_at, last_inspected_by, has_sed_plot)
VALUES (9184, 'rubies_uds_p43_20258', 4233, 'uds', 34.31096955556, -5.28641527845, 10.04, 9.03, 2, 32, 16, 72, '2026-01-13T21:40:40.549+00:00', '11111111-1111-1111-1111-111111111111', FALSE);
INSERT INTO public.objects (id, object_id, program_id, field, ra, dec, redshift_auto, redshift_inspected, redshift_quality, spectral_features, object_flags, dq_flags, last_inspected_at, last_inspected_by, has_sed_plot)
VALUES (6371, 'rubies_uds_p11_41434', 4233, 'uds', 34.2457676, -5.24415360000001, 1.29, NULL, 0, 0, 0, 0, NULL, NULL, FALSE);
INSERT INTO public.objects (id, object_id, program_id, field, ra, dec, redshift_auto, redshift_inspected, redshift_quality, spectral_features, object_flags, dq_flags, last_inspected_at, last_inspected_by, has_sed_plot)
VALUES (1445, 'mom_uds_p1_145514', 5224, 'uds', 34.34967122579, -5.14181249816, 7.77, NULL, 4, 34, 16, 0, '2025-11-29T23:04:58.706+00:00', '11111111-1111-1111-1111-111111111111', FALSE);
INSERT INTO public.objects (id, object_id, program_id, field, ra, dec, redshift_auto, redshift_inspected, redshift_quality, spectral_features, object_flags, dq_flags, last_inspected_at, last_inspected_by, has_sed_plot)
VALUES (1449, 'mom_uds_p1_147018', 5224, 'uds', 34.39696612428, -5.13955922086, 8.24, NULL, 4, 34, 16, 0, '2025-11-29T23:03:56.225+00:00', '11111111-1111-1111-1111-111111111111', FALSE);
INSERT INTO public.objects (id, object_id, program_id, field, ra, dec, redshift_auto, redshift_inspected, redshift_quality, spectral_features, object_flags, dq_flags, last_inspected_at, last_inspected_by, has_sed_plot)
VALUES (1452, 'mom_uds_p1_147412', 5224, 'uds', 34.36074043847, -5.13900005835, 3.98, 3.17, 3, 32, 48, 8, '2025-11-27T17:27:07.9+00:00', '11111111-1111-1111-1111-111111111111', FALSE);
INSERT INTO public.objects (id, object_id, program_id, field, ra, dec, redshift_auto, redshift_inspected, redshift_quality, spectral_features, object_flags, dq_flags, last_inspected_at, last_inspected_by, has_sed_plot)
VALUES (1365, 'mom_uds_p1_124252', 5224, 'uds', 34.38579713419, -5.17106957886, 1.64, NULL, 0, 0, 0, 0, NULL, NULL, FALSE);
INSERT INTO public.objects (id, object_id, program_id, field, ra, dec, redshift_auto, redshift_inspected, redshift_quality, spectral_features, object_flags, dq_flags, last_inspected_at, last_inspected_by, has_sed_plot)
VALUES (1512, 'mom_uds_p1_161487', 5224, 'uds', 34.35073837609, -5.11928752133, 7.72, NULL, 1, 0, 0, 16, '2026-01-19T16:50:45.072+00:00', '11111111-1111-1111-1111-111111111111', FALSE);
INSERT INTO public.objects (id, object_id, program_id, field, ra, dec, redshift_auto, redshift_inspected, redshift_quality, spectral_features, object_flags, dq_flags, last_inspected_at, last_inspected_by, has_sed_plot)
VALUES (13423, 'capers_egs_p6_37392', 6368, 'egs', 214.9883048, 52.8536669, 7.11, NULL, 4, 32, 16, 1, '2025-12-17T03:11:27.734+00:00', '11111111-1111-1111-1111-111111111111', FALSE);
INSERT INTO public.objects (id, object_id, program_id, field, ra, dec, redshift_auto, redshift_inspected, redshift_quality, spectral_features, object_flags, dq_flags, last_inspected_at, last_inspected_by, has_sed_plot)
VALUES (3479, 'capers_cosmos_p1_46892', 6368, 'cosmos', 150.13636129999, 2.2303608, 5.3, NULL, 4, 35, 48, 0, '2026-01-12T17:14:41.288+00:00', '11111111-1111-1111-1111-111111111111', TRUE);
INSERT INTO public.objects (id, object_id, program_id, field, ra, dec, redshift_auto, redshift_inspected, redshift_quality, spectral_features, object_flags, dq_flags, last_inspected_at, last_inspected_by, has_sed_plot)
VALUES (3492, 'capers_cosmos_p1_48180', 6368, 'cosmos', 150.1336776, 2.2218537, 0.16, 2.58, 3, 5, 0, 0, '2025-12-10T23:58:58.086+00:00', '11111111-1111-1111-1111-111111111111', TRUE);
INSERT INTO public.objects (id, object_id, program_id, field, ra, dec, redshift_auto, redshift_inspected, redshift_quality, spectral_features, object_flags, dq_flags, last_inspected_at, last_inspected_by, has_sed_plot)
VALUES (32362, 'capers_uds_p1_116343', 6368, 'uds', 34.51774945344, -5.16407688159, 8.14, NULL, 2, 2, 0, 32, '2026-01-13T22:17:00.97+00:00', '11111111-1111-1111-1111-111111111111', FALSE);
INSERT INTO public.objects (id, object_id, program_id, field, ra, dec, redshift_auto, redshift_inspected, redshift_quality, spectral_features, object_flags, dq_flags, last_inspected_at, last_inspected_by, has_sed_plot)
VALUES (3567, 'capers_cosmos_p1_52187', 6368, 'cosmos', 150.1031459, 2.197084, 4.91, NULL, 0, 0, 0, 0, NULL, NULL, FALSE);
INSERT INTO public.objects (id, object_id, program_id, field, ra, dec, redshift_auto, redshift_inspected, redshift_quality, spectral_features, object_flags, dq_flags, last_inspected_at, last_inspected_by, has_sed_plot)
VALUES (4, 'cosmos_ddt_11794', 6585, 'cosmos', 150.13976446696, 2.39875639932, 6.09, NULL, 4, 34, 48, 0, '2025-11-26T21:14:37.633+00:00', '11111111-1111-1111-1111-111111111111', TRUE);
INSERT INTO public.objects (id, object_id, program_id, field, ra, dec, redshift_auto, redshift_inspected, redshift_quality, spectral_features, object_flags, dq_flags, last_inspected_at, last_inspected_by, has_sed_plot)
VALUES (19, 'cosmos_ddt_51786', 6585, 'cosmos', 150.1218345853, 2.32920720824, 0.52, NULL, 4, 33, 48, 0, '2025-11-26T20:45:25.556+00:00', '11111111-1111-1111-1111-111111111111', TRUE);
INSERT INTO public.objects (id, object_id, program_id, field, ra, dec, redshift_auto, redshift_inspected, redshift_quality, spectral_features, object_flags, dq_flags, last_inspected_at, last_inspected_by, has_sed_plot)
VALUES (134, 'cosmos_ddt_60348', 6585, 'cosmos', 150.14193446031, 2.35518557772, 3.75, NULL, 3, 37, 48, 0, '2026-01-14T19:54:00.464+00:00', '11111111-1111-1111-1111-111111111111', FALSE);
INSERT INTO public.objects (id, object_id, program_id, field, ra, dec, redshift_auto, redshift_inspected, redshift_quality, spectral_features, object_flags, dq_flags, last_inspected_at, last_inspected_by, has_sed_plot)
VALUES (137, 'cosmos_ddt_60429', 6585, 'cosmos', 150.14245722278, 2.35579933544, 3.89, NULL, 2, 32, 48, 0, '2025-11-27T14:39:21.412+00:00', '11111111-1111-1111-1111-111111111111', TRUE);
INSERT INTO public.objects (id, object_id, program_id, field, ra, dec, redshift_auto, redshift_inspected, redshift_quality, spectral_features, object_flags, dq_flags, last_inspected_at, last_inspected_by, has_sed_plot)
VALUES (7, 'cosmos_ddt_1', 6585, 'cosmos', 150.1390118, 2.39575133, 3.37, NULL, 0, 0, 0, 0, NULL, NULL, TRUE);
INSERT INTO public.objects (id, object_id, program_id, field, ra, dec, redshift_auto, redshift_inspected, redshift_quality, spectral_features, object_flags, dq_flags, last_inspected_at, last_inspected_by, has_sed_plot)
VALUES (1263, 'ember_uds_p4_5845', 7076, 'uds', 34.43021559357, -5.11320869548, 6.08, NULL, 4, 35, 55, 0, '2025-11-29T22:32:39.406+00:00', '11111111-1111-1111-1111-111111111111', FALSE);
INSERT INTO public.objects (id, object_id, program_id, field, ra, dec, redshift_auto, redshift_inspected, redshift_quality, spectral_features, object_flags, dq_flags, last_inspected_at, last_inspected_by, has_sed_plot)
VALUES (1063, 'ember_uds_p4_124239', 7076, 'uds', 34.43967763342, -5.09382594594, 7.07, NULL, 4, 32, 1, 0, '2025-11-29T23:11:23.629+00:00', '11111111-1111-1111-1111-111111111111', FALSE);
INSERT INTO public.objects (id, object_id, program_id, field, ra, dec, redshift_auto, redshift_inspected, redshift_quality, spectral_features, object_flags, dq_flags, last_inspected_at, last_inspected_by, has_sed_plot)
VALUES (2993, 'ember_cosmos_p1_631319', 7076, 'cosmos', 150.07323217148, 2.44552257451, 3.44, NULL, 3, 5, 8, 0, '2025-12-11T19:52:51.123+00:00', '11111111-1111-1111-1111-111111111111', TRUE);
INSERT INTO public.objects (id, object_id, program_id, field, ra, dec, redshift_auto, redshift_inspected, redshift_quality, spectral_features, object_flags, dq_flags, last_inspected_at, last_inspected_by, has_sed_plot)
VALUES (29938, 'ember_cosmos_p4_132772', 7076, 'cosmos', 150.02274028897, 2.23516098854, 2.04, 2.04, 2, 0, 0, 0, '2026-01-15T23:21:14.919+00:00', '11111111-1111-1111-1111-111111111111', TRUE);
INSERT INTO public.objects (id, object_id, program_id, field, ra, dec, redshift_auto, redshift_inspected, redshift_quality, spectral_features, object_flags, dq_flags, last_inspected_at, last_inspected_by, has_sed_plot)
VALUES (14407, 'ember_cosmos_p5_830695', 7076, 'cosmos', 149.90249935244, 2.31957928024, 12.91, NULL, 0, 0, 0, 0, NULL, NULL, TRUE);
INSERT INTO public.objects (id, object_id, program_id, field, ra, dec, redshift_auto, redshift_inspected, redshift_quality, spectral_features, object_flags, dq_flags, last_inspected_at, last_inspected_by, has_sed_plot)
VALUES (31375, 'zenith_p17_971938', 7417, 'cosmos', 150.18766498478, 2.21860037486, 6.03, NULL, 4, 35, 48, 0, '2026-01-08T03:10:40.778+00:00', '11111111-1111-1111-1111-111111111111', TRUE);
INSERT INTO public.objects (id, object_id, program_id, field, ra, dec, redshift_auto, redshift_inspected, redshift_quality, spectral_features, object_flags, dq_flags, last_inspected_at, last_inspected_by, has_sed_plot)
VALUES (31290, 'zenith_p17_1059311', 7417, 'cosmos', 150.2261418686, 2.22599235036, 5.83, NULL, 4, 35, 52, 0, '2026-01-08T03:16:25.293+00:00', '11111111-1111-1111-1111-111111111111', TRUE);
INSERT INTO public.objects (id, object_id, program_id, field, ra, dec, redshift_auto, redshift_inspected, redshift_quality, spectral_features, object_flags, dq_flags, last_inspected_at, last_inspected_by, has_sed_plot)
VALUES (31320, 'zenith_p17_201064', 7417, 'cosmos', 150.19427980035, 2.17332832872, 7.93, NULL, 3, 18, 0, 0, '2026-01-08T03:17:42.623+00:00', '11111111-1111-1111-1111-111111111111', TRUE);
INSERT INTO public.objects (id, object_id, program_id, field, ra, dec, redshift_auto, redshift_inspected, redshift_quality, spectral_features, object_flags, dq_flags, last_inspected_at, last_inspected_by, has_sed_plot)
VALUES (28950, 'zenith_p9_554020', 7417, 'cosmos', 149.91055436002, 2.57578939734, 0.27, 3.44, 2, 0, 64, 0, '2026-01-09T05:20:12.214+00:00', '11111111-1111-1111-1111-111111111111', TRUE);
INSERT INTO public.objects (id, object_id, program_id, field, ra, dec, redshift_auto, redshift_inspected, redshift_quality, spectral_features, object_flags, dq_flags, last_inspected_at, last_inspected_by, has_sed_plot)
VALUES (29002, 'zenith_p9_557558', 7417, 'cosmos', 149.94725121552, 2.58453438423, 2.94, NULL, 0, 0, 0, 0, NULL, NULL, TRUE);

-- ============================================
-- 6. Spectra (from production)
-- ============================================

INSERT INTO public.spectra (id, object_id, grating, fits_path, reduction_version, signal_to_noise, thumbnail_svg_fnu, thumbnail_svg_flambda)
VALUES (3419, 'capers_cosmos_p1_46892', 'PRISM', 'spectra/capers_cosmos_p1/capers_cosmos_p1_prism_clear_46892_spec.fits', 'v0.2', 57.4651870727539, '<svg xmlns="http://www.w3.org/2000/svg" viewBox="0 0 120 40" width="120" height="40">
  <path d="M 3.0 35.0 L 4.1 35.8 L 5.2 34.5 L 6.4 34.6 L 7.5 34.5 L 8.6 34.7 L 9.7 34.8 L 10.8 34.9 L 11.9 34.0 L 13.1 33.6 L 14.2 33.6 L 15.3 33.6 L 16.4 33.3 L 17.5 33.4 L 18.6 33.7 L 19.8 33.7 L 20.9 33.4 L 22.0 33.8 L 23.1 33.7 L 24.2 33.7 L 25.4 33.6 L 26.5 33.4 L 27.6 33.8 L 28.7 33.6 L 29.8 33.7 L 30.9 34.0 L 32.1 33.9 L 33.2 33.8 L 34.3 33.7 L 35.4 34.1 L 36.5 33.6 L 37.6 33.3 L 38.8 33.1 L 39.9 33.8 L 41.0 34.1 L 42.1 34.1 L 43.2 34.1 L 44.4 32.3 L 45.5 34.2 L 46.6 33.6 L 47.7 34.1 L 48.8 34.1 L 49.9 33.6 L 51.1 29.7 L 52.2 28.0 L 53.3 22.9 L 54.4 34.5 L 55.5 34.8 L 56.6 34.1 L 57.8 33.6 L 58.9 34.8 L 60.0 34.2 L 61.1 34.6 L 62.2 34.6 L 63.4 34.3 L 64.5 33.8 L 65.6 34.4 L 66.7 34.3 L 67.8 34.5 L 68.9 34.2 L 70.1 34.4 L 71.2 34.7 L 72.3 33.8 L 73.4 33.9 L 74.5 33.4 L 75.6 33.9 L 76.8 33.8 L 77.9 3.0 L 79.0 34.2 L 80.1 34.0 L 81.2 34.1 L 82.4 33.5 L 83.5 33.3 L 84.6 35.5 L 85.7 34.6 L 86.8 34.0 L 87.9 33.5 L 89.1 33.0 L 90.2 35.1 L 91.3 33.7 L 92.4 33.8 L 93.5 35.9 L 94.6 33.8 L 95.8 33.9 L 96.9 34.5 L 98.0 34.5 L 99.1 34.1 L 100.2 35.1 L 101.4 33.4 L 102.5 35.4 L 103.6 35.7 L 104.7 33.2 L 105.8 34.6 L 106.9 35.2 L 108.1 34.6 L 109.2 37.0 L 110.3 35.1 L 111.4 32.5 L 112.5 34.5 L 113.6 32.9 L 114.8 34.4 L 115.9 35.8 L 117.0 34.3" fill="none" stroke="#3b82f6" stroke-width="1.5" stroke-linecap="round" stroke-linejoin="round"/>
</svg>', '<svg xmlns="http://www.w3.org/2000/svg" viewBox="0 0 120 40" width="120" height="40">
  <path d="M 3.0 19.4 L 4.1 37.0 L 5.2 11.0 L 6.4 13.3 L 7.5 10.8 L 8.6 14.5 L 9.7 17.0 L 10.8 17.7 L 11.9 6.8 L 13.1 3.6 L 14.2 5.0 L 15.3 6.1 L 16.4 4.8 L 17.5 6.8 L 18.6 9.7 L 19.8 10.9 L 20.9 9.8 L 22.0 12.3 L 23.1 12.5 L 24.2 13.2 L 25.4 13.1 L 26.5 13.1 L 27.6 14.3 L 28.7 14.2 L 29.8 14.7 L 30.9 15.4 L 32.1 15.3 L 33.2 15.4 L 34.3 15.3 L 35.4 16.0 L 36.5 15.2 L 37.6 15.0 L 38.8 14.9 L 39.9 15.9 L 41.0 16.2 L 42.1 16.2 L 43.2 16.3 L 44.4 14.5 L 45.5 16.5 L 46.6 16.0 L 47.7 16.4 L 48.8 16.5 L 49.9 16.0 L 51.1 12.9 L 52.2 11.8 L 53.3 8.1 L 54.4 16.8 L 55.5 17.1 L 56.6 16.6 L 57.8 16.3 L 58.9 17.1 L 60.0 16.7 L 61.1 16.9 L 62.2 16.9 L 63.4 16.8 L 64.5 16.5 L 65.6 16.9 L 66.7 16.8 L 67.8 16.9 L 68.9 16.8 L 70.1 16.9 L 71.2 17.0 L 72.3 16.6 L 73.4 16.7 L 74.5 16.4 L 75.6 16.7 L 76.8 16.6 L 77.9 3.0 L 79.0 16.8 L 80.1 16.7 L 81.2 16.8 L 82.4 16.5 L 83.5 16.5 L 84.6 17.4 L 85.7 17.0 L 86.8 16.7 L 87.9 16.6 L 89.1 16.4 L 90.2 17.2 L 91.3 16.7 L 92.4 16.7 L 93.5 17.5 L 94.6 16.7 L 95.8 16.8 L 96.9 17.0 L 98.0 17.0 L 99.1 16.9 L 100.2 17.2 L 101.4 16.6 L 102.5 17.3 L 103.6 17.4 L 104.7 16.6 L 105.8 17.0 L 106.9 17.2 L 108.1 17.0 L 109.2 17.7 L 110.3 17.2 L 111.4 16.4 L 112.5 17.0 L 113.6 16.6 L 114.8 17.0 L 115.9 17.3 L 117.0 17.0" fill="none" stroke="#3b82f6" stroke-width="1.5" stroke-linecap="round" stroke-linejoin="round"/>
</svg>');
INSERT INTO public.spectra (id, object_id, grating, fits_path, reduction_version, signal_to_noise, thumbnail_svg_fnu, thumbnail_svg_flambda)
VALUES (3432, 'capers_cosmos_p1_48180', 'PRISM', 'spectra/capers_cosmos_p1/capers_cosmos_p1_prism_clear_48180_spec.fits', 'v0.2', 11.2372884750366, '<svg xmlns="http://www.w3.org/2000/svg" viewBox="0 0 120 40" width="120" height="40">
  <path d="M 3.0 37.0 L 4.1 30.8 L 5.2 23.2 L 6.4 29.8 L 7.5 23.8 L 8.6 28.6 L 9.7 29.5 L 10.8 24.8 L 11.9 30.0 L 13.1 28.7 L 14.2 27.4 L 15.3 28.5 L 16.4 29.2 L 17.5 24.8 L 18.6 28.0 L 19.8 29.4 L 20.9 26.6 L 22.0 27.1 L 23.1 21.1 L 24.2 18.7 L 25.4 18.4 L 26.5 20.9 L 27.6 19.3 L 28.7 20.0 L 29.8 17.7 L 30.9 19.9 L 32.1 19.9 L 33.2 19.7 L 34.3 16.3 L 35.4 21.8 L 36.5 21.2 L 37.6 16.9 L 38.8 19.3 L 39.9 17.1 L 41.0 17.9 L 42.1 19.6 L 43.2 19.8 L 44.4 19.4 L 45.5 18.1 L 46.6 21.8 L 47.7 21.6 L 48.8 19.2 L 49.9 17.6 L 51.1 19.5 L 52.2 16.7 L 53.3 17.1 L 54.4 15.7 L 55.5 20.8 L 56.6 20.0 L 57.8 20.6 L 58.9 19.3 L 60.0 17.7 L 61.1 20.1 L 62.2 17.9 L 63.4 18.4 L 64.5 24.3 L 65.6 16.4 L 66.7 19.6 L 67.8 20.0 L 68.9 18.6 L 70.1 20.3 L 71.2 21.6 L 72.3 18.8 L 73.4 19.4 L 74.5 18.1 L 75.6 11.9 L 76.8 16.9 L 77.9 18.1 L 79.0 22.8 L 80.1 28.6 L 81.2 22.5 L 82.4 24.4 L 83.5 23.9 L 84.6 15.0 L 85.7 25.4 L 86.8 22.6 L 87.9 12.8 L 89.1 20.4 L 90.2 18.2 L 91.3 17.0 L 92.4 19.8 L 93.5 7.0 L 94.6 26.6 L 95.8 9.7 L 96.9 7.5 L 98.0 22.3 L 99.1 3.0 L 100.2 22.1 L 101.4 22.5 L 102.5 18.5 L 103.6 33.6 L 104.7 8.4 L 105.8 26.9 L 106.9 29.3 L 108.1 25.3 L 109.2 21.2 L 110.3 24.1 L 111.4 24.3 L 112.5 27.1 L 113.6 33.1 L 114.8 29.2 L 115.9 3.6 L 117.0 10.7" fill="none" stroke="#3b82f6" stroke-width="1.5" stroke-linecap="round" stroke-linejoin="round"/>
</svg>', '<svg xmlns="http://www.w3.org/2000/svg" viewBox="0 0 120 40" width="120" height="40">
  <path d="M 3.0 37.0 L 4.1 20.6 L 5.2 3.0 L 6.4 19.5 L 7.5 7.7 L 8.6 18.4 L 9.7 20.8 L 10.8 13.8 L 11.9 22.9 L 13.1 21.8 L 14.2 20.8 L 15.3 22.8 L 16.4 24.2 L 17.5 20.9 L 18.6 24.3 L 19.8 25.9 L 20.9 24.5 L 22.0 25.3 L 23.1 22.8 L 24.2 22.4 L 25.4 22.9 L 26.5 24.4 L 27.6 24.3 L 28.7 24.9 L 29.8 24.7 L 30.9 25.6 L 32.1 25.8 L 33.2 26.0 L 34.3 25.5 L 35.4 26.8 L 36.5 26.8 L 37.6 26.2 L 38.8 26.8 L 39.9 26.5 L 41.0 26.8 L 42.1 27.1 L 43.2 27.3 L 44.4 27.3 L 45.5 27.2 L 46.6 27.7 L 47.7 27.7 L 48.8 27.5 L 49.9 27.4 L 51.1 27.7 L 52.2 27.5 L 53.3 27.5 L 54.4 27.5 L 55.5 28.0 L 56.6 27.9 L 57.8 28.0 L 58.9 28.0 L 60.0 27.9 L 61.1 28.1 L 62.2 27.9 L 63.4 28.0 L 64.5 28.5 L 65.6 27.9 L 66.7 28.2 L 67.8 28.2 L 68.9 28.2 L 70.1 28.3 L 71.2 28.4 L 72.3 28.2 L 73.4 28.3 L 74.5 28.2 L 75.6 27.9 L 76.8 28.2 L 77.9 28.3 L 79.0 28.6 L 80.1 28.9 L 81.2 28.6 L 82.4 28.7 L 83.5 28.7 L 84.6 28.2 L 85.7 28.7 L 86.8 28.6 L 87.9 28.2 L 89.1 28.5 L 90.2 28.4 L 91.3 28.4 L 92.4 28.5 L 93.5 28.0 L 94.6 28.8 L 95.8 28.1 L 96.9 28.0 L 98.0 28.7 L 99.1 27.9 L 100.2 28.7 L 101.4 28.7 L 102.5 28.6 L 103.6 29.2 L 104.7 28.2 L 105.8 28.9 L 106.9 29.0 L 108.1 28.9 L 109.2 28.7 L 110.3 28.8 L 111.4 28.8 L 112.5 28.9 L 113.6 29.1 L 114.8 29.0 L 115.9 28.1 L 117.0 28.4" fill="none" stroke="#3b82f6" stroke-width="1.5" stroke-linecap="round" stroke-linejoin="round"/>
</svg>');
INSERT INTO public.spectra (id, object_id, grating, fits_path, reduction_version, signal_to_noise, thumbnail_svg_fnu, thumbnail_svg_flambda)
VALUES (3507, 'capers_cosmos_p1_52187', 'PRISM', 'spectra/capers_cosmos_p1/capers_cosmos_p1_prism_clear_52187_spec.fits', 'v0.2', 9.39825439453125, '<svg xmlns="http://www.w3.org/2000/svg" viewBox="0 0 120 40" width="120" height="40">
  <path d="M 3.0 37.0 L 4.1 16.1 L 5.2 19.0 L 6.3 16.7 L 7.4 18.5 L 8.5 18.5 L 9.6 16.1 L 10.7 16.5 L 11.9 13.8 L 13.0 17.0 L 14.1 17.9 L 15.2 15.1 L 16.3 17.2 L 17.4 15.4 L 18.5 15.9 L 19.6 16.5 L 20.7 15.8 L 21.8 14.2 L 22.9 15.4 L 24.0 16.4 L 25.1 14.8 L 26.2 13.8 L 27.3 14.5 L 28.5 15.0 L 29.6 15.0 L 30.7 14.8 L 31.8 17.4 L 32.9 15.5 L 34.0 17.3 L 35.1 14.5 L 36.2 14.1 L 37.3 16.0 L 38.4 14.2 L 39.5 14.9 L 40.6 16.4 L 41.7 13.6 L 42.8 14.5 L 44.0 15.0 L 45.1 14.9 L 46.2 16.8 L 47.3 12.6 L 48.4 9.0 L 49.5 14.7 L 50.6 15.4 L 51.7 10.3 L 52.8 15.7 L 53.9 13.2 L 55.0 15.2 L 56.1 14.7 L 57.2 16.5 L 58.3 14.0 L 59.4 13.8 L 60.6 15.1 L 61.7 13.7 L 62.8 15.0 L 63.9 13.9 L 65.0 13.6 L 66.1 13.3 L 67.2 13.7 L 68.3 16.7 L 69.4 14.2 L 70.5 12.1 L 71.6 16.1 L 72.7 14.5 L 73.8 14.1 L 74.9 15.7 L 76.0 15.5 L 77.2 13.5 L 78.3 15.3 L 79.4 13.1 L 80.5 16.5 L 81.6 8.3 L 82.7 13.8 L 83.8 12.9 L 84.9 16.1 L 86.0 15.1 L 87.1 22.1 L 88.2 15.9 L 89.3 14.7 L 90.4 18.9 L 91.5 20.1 L 92.7 17.4 L 93.8 18.2 L 94.9 20.1 L 96.0 15.4 L 97.1 11.9 L 98.2 16.8 L 99.3 18.1 L 100.4 19.1 L 101.5 20.8 L 102.6 12.3 L 103.7 13.4 L 104.8 11.7 L 105.9 12.3 L 107.0 21.0 L 108.1 12.7 L 109.3 13.9 L 110.4 6.3 L 111.5 21.1 L 112.6 7.7 L 113.7 3.0 L 114.8 22.3 L 115.9 30.1 L 117.0 33.7" fill="none" stroke="#3b82f6" stroke-width="1.5" stroke-linecap="round" stroke-linejoin="round"/>
</svg>', '<svg xmlns="http://www.w3.org/2000/svg" viewBox="0 0 120 40" width="120" height="40">
  <path d="M 3.0 37.0 L 4.1 4.5 L 5.2 8.6 L 6.3 5.4 L 7.4 7.7 L 8.5 7.5 L 9.6 4.9 L 10.7 5.4 L 11.9 3.0 L 13.0 5.9 L 14.1 6.5 L 15.2 4.6 L 16.3 6.0 L 17.4 5.1 L 18.5 5.4 L 19.6 5.7 L 20.7 5.5 L 21.8 5.0 L 22.9 5.4 L 24.0 5.8 L 25.1 5.4 L 26.2 5.2 L 27.3 5.5 L 28.5 5.6 L 29.6 5.6 L 30.7 5.6 L 31.8 6.0 L 32.9 5.8 L 34.0 6.0 L 35.1 5.7 L 36.2 5.6 L 37.3 5.8 L 38.4 5.7 L 39.5 5.8 L 40.6 5.9 L 41.7 5.7 L 42.8 5.8 L 44.0 5.8 L 45.1 5.8 L 46.2 5.9 L 47.3 5.7 L 48.4 5.4 L 49.5 5.8 L 50.6 5.9 L 51.7 5.6 L 52.8 5.9 L 53.9 5.7 L 55.0 5.9 L 56.1 5.8 L 57.2 5.9 L 58.3 5.8 L 59.4 5.8 L 60.6 5.9 L 61.7 5.8 L 62.8 5.9 L 63.9 5.8 L 65.0 5.8 L 66.1 5.8 L 67.2 5.8 L 68.3 5.9 L 69.4 5.8 L 70.5 5.8 L 71.6 5.9 L 72.7 5.9 L 73.8 5.9 L 74.9 5.9 L 76.0 5.9 L 77.2 5.8 L 78.3 5.9 L 79.4 5.8 L 80.5 5.9 L 81.6 5.7 L 82.7 5.9 L 83.8 5.8 L 84.9 5.9 L 86.0 5.9 L 87.1 6.1 L 88.2 5.9 L 89.3 5.9 L 90.4 6.0 L 91.5 6.0 L 92.7 6.0 L 93.8 6.0 L 94.9 6.0 L 96.0 5.9 L 97.1 5.8 L 98.2 6.0 L 99.3 6.0 L 100.4 6.0 L 101.5 6.0 L 102.6 5.8 L 103.7 5.9 L 104.8 5.8 L 105.9 5.9 L 107.0 6.0 L 108.1 5.9 L 109.3 5.9 L 110.4 5.7 L 111.5 6.0 L 112.6 5.8 L 113.7 5.7 L 114.8 6.1 L 115.9 6.2 L 117.0 6.3" fill="none" stroke="#3b82f6" stroke-width="1.5" stroke-linecap="round" stroke-linejoin="round"/>
</svg>');
INSERT INTO public.spectra (id, object_id, grating, fits_path, reduction_version, signal_to_noise, thumbnail_svg_fnu, thumbnail_svg_flambda)
VALUES (16682, 'capers_egs_p6_37392', 'PRISM', 'spectra/capers_egs_p6/capers_egs_p6_prism_clear_37392_spec.fits', 'v0.2', 28.9203872680664, '<svg xmlns="http://www.w3.org/2000/svg" viewBox="0 0 120 40" width="120" height="40">
  <path d="M 3.0 32.8 L 3.9 33.1 L 4.9 33.2 L 5.8 32.5 L 6.7 34.4 L 7.6 31.7 L 8.6 30.0 L 9.5 31.6 L 10.4 32.0 L 11.3 30.2 L 12.3 28.9 L 13.2 30.4 L 14.1 32.1 L 15.0 30.7 L 16.0 30.8 L 16.9 31.8 L 17.8 31.6 L 18.8 30.1 L 19.7 30.6 L 20.6 31.3 L 21.5 31.8 L 22.5 30.8 L 23.4 31.6 L 24.3 31.3 L 25.2 29.7 L 26.2 29.5 L 27.1 30.8 L 28.0 31.9 L 29.0 30.3 L 29.9 31.8 L 30.8 31.9 L 31.7 30.1 L 32.7 30.8 L 33.6 31.3 L 34.5 31.3 L 35.4 31.3 L 36.4 31.0 L 37.3 31.4 L 38.2 31.3 L 39.1 30.4 L 40.1 31.6 L 41.0 30.9 L 41.9 30.5 L 42.9 32.2 L 43.8 28.0 L 44.7 22.9 L 45.6 31.5 L 46.6 30.3 L 47.5 22.7 L 48.4 24.0 L 49.3 3.0 L 50.3 16.1 L 51.2 32.9 L 52.1 31.5 L 53.0 32.3 L 54.0 32.7 L 54.9 33.6 L 55.8 30.4 L 56.8 30.0 L 57.7 31.1 L 58.6 30.2 L 59.5 33.4 L 60.5 32.3 L 61.4 32.6 L 62.3 31.2 L 63.2 30.6 L 64.2 30.1 L 65.1 30.8 L 66.0 30.2 L 67.0 32.8 L 67.9 31.7 L 68.8 27.9 L 69.7 35.2 L 70.7 32.8 L 71.6 29.8 L 72.5 31.0 L 73.4 31.3 L 74.4 33.1 L 75.3 32.6 L 76.2 31.7 L 77.1 32.5 L 78.1 34.2 L 79.0 31.4 L 79.9 33.1 L 80.9 32.2 L 81.8 31.1 L 82.7 29.5 L 83.6 28.9 L 84.6 29.5 L 85.5 28.6 L 86.4 31.8 L 87.3 30.0 L 88.3 30.9 L 89.2 30.5 L 90.1 36.0 L 91.0 32.0 L 92.0 35.3 L 92.9 31.3 L 93.8 35.2 L 94.8 28.6 L 95.7 33.9 L 96.6 29.8 L 97.5 34.0 L 98.5 30.4 L 99.4 34.7 L 100.3 29.0 L 101.2 31.1 L 102.2 32.3 L 103.1 33.3 L 104.0 28.5 L 105.0 31.7 L 105.9 31.5 L 106.8 37.0 L 107.7 30.9 L 108.7 29.8 L 109.6 31.0 L 110.5 24.8 L 111.4 30.1 L 112.4 37.0 L 113.3 29.6 L 114.2 27.1 L 115.1 34.3 L 116.1 32.7 L 117.0 5.6" fill="none" stroke="#3b82f6" stroke-width="1.5" stroke-linecap="round" stroke-linejoin="round"/>
</svg>', '<svg xmlns="http://www.w3.org/2000/svg" viewBox="0 0 120 40" width="120" height="40">
  <path d="M 3.0 16.4 L 3.9 20.9 L 4.9 22.1 L 5.8 11.0 L 6.7 37.0 L 7.6 12.5 L 8.6 11.5 L 9.5 12.4 L 10.4 12.6 L 11.3 11.7 L 12.3 10.9 L 13.2 11.8 L 14.1 12.7 L 15.0 12.0 L 16.0 12.1 L 16.9 12.6 L 17.8 12.5 L 18.8 11.8 L 19.7 12.0 L 20.6 12.4 L 21.5 12.6 L 22.5 12.2 L 23.4 12.5 L 24.3 12.4 L 25.2 11.7 L 26.2 11.6 L 27.1 12.2 L 28.0 12.7 L 29.0 12.0 L 29.9 12.7 L 30.8 12.7 L 31.7 12.0 L 32.7 12.3 L 33.6 12.5 L 34.5 12.5 L 35.4 12.5 L 36.4 12.4 L 37.3 12.5 L 38.2 12.5 L 39.1 12.2 L 40.1 12.6 L 41.0 12.4 L 41.9 12.2 L 42.9 12.9 L 43.8 11.3 L 44.7 9.6 L 45.6 12.6 L 46.6 12.2 L 47.5 9.6 L 48.4 10.1 L 49.3 3.0 L 50.3 7.5 L 51.2 13.1 L 52.1 12.7 L 53.0 12.9 L 54.0 13.0 L 54.9 13.3 L 55.8 12.3 L 56.8 12.2 L 57.7 12.5 L 58.6 12.3 L 59.5 13.3 L 60.5 12.9 L 61.4 13.0 L 62.3 12.6 L 63.2 12.4 L 64.2 12.3 L 65.1 12.5 L 66.0 12.3 L 67.0 13.1 L 67.9 12.8 L 68.8 11.7 L 69.7 13.7 L 70.7 13.1 L 71.6 12.3 L 72.5 12.6 L 73.4 12.7 L 74.4 13.1 L 75.3 13.0 L 76.2 12.8 L 77.1 13.0 L 78.1 13.4 L 79.0 12.7 L 79.9 13.1 L 80.9 12.9 L 81.8 12.6 L 82.7 12.3 L 83.6 12.1 L 84.6 12.2 L 85.5 12.0 L 86.4 12.8 L 87.3 12.4 L 88.3 12.6 L 89.2 12.5 L 90.1 13.8 L 91.0 12.9 L 92.0 13.6 L 92.9 12.7 L 93.8 13.6 L 94.8 12.1 L 95.7 13.3 L 96.6 12.4 L 97.5 13.3 L 98.5 12.5 L 99.4 13.5 L 100.3 12.2 L 101.2 12.7 L 102.2 13.0 L 103.1 13.2 L 104.0 12.1 L 105.0 12.8 L 105.9 12.8 L 106.8 13.9 L 107.7 12.7 L 108.7 12.4 L 109.6 12.7 L 110.5 11.4 L 111.4 12.5 L 112.4 13.9 L 113.3 12.4 L 114.2 11.9 L 115.1 13.3 L 116.1 13.0 L 117.0 7.7" fill="none" stroke="#3b82f6" stroke-width="1.5" stroke-linecap="round" stroke-linejoin="round"/>
</svg>');
INSERT INTO public.spectra (id, object_id, grating, fits_path, reduction_version, signal_to_noise, thumbnail_svg_fnu, thumbnail_svg_flambda)
VALUES (22101, 'capers_uds_p1_116343', 'PRISM', 'spectra/capers_uds_p1/capers_uds_p1_prism_clear_116343_spec.fits', 'v0.2', 1.97019776872285, '<svg xmlns="http://www.w3.org/2000/svg" viewBox="0 0 120 40" width="120" height="40">
  <path d="M 3.0 32.6 L 3.9 32.3 L 4.7 33.8 L 5.6 32.7 L 6.5 32.0 L 7.3 35.0 L 8.2 32.4 L 9.0 32.7 L 9.9 31.9 L 10.8 31.8 L 11.6 31.7 L 12.5 32.6 L 13.4 31.7 L 14.2 32.5 L 15.1 32.4 L 16.0 33.0 L 16.8 33.6 L 17.7 32.1 L 18.5 32.7 L 19.4 32.7 L 20.3 31.8 L 21.1 31.9 L 22.0 32.2 L 22.9 31.5 L 23.7 31.3 L 24.6 32.0 L 25.5 31.9 L 26.3 32.3 L 27.2 31.9 L 28.0 32.0 L 28.9 32.2 L 29.8 31.9 L 30.6 31.7 L 31.5 31.1 L 32.4 32.3 L 33.2 32.6 L 34.1 31.9 L 35.0 32.4 L 35.8 31.8 L 36.7 32.0 L 37.5 30.8 L 38.4 31.6 L 39.3 31.1 L 40.1 32.3 L 41.0 33.8 L 41.9 32.3 L 42.7 32.5 L 43.6 31.5 L 44.5 32.3 L 45.3 31.2 L 46.2 31.5 L 47.0 32.8 L 47.9 31.8 L 48.8 31.1 L 49.6 31.0 L 50.5 32.8 L 51.4 31.2 L 52.2 33.0 L 53.1 32.8 L 54.0 31.3 L 54.8 32.1 L 55.7 32.5 L 56.5 31.6 L 57.4 34.3 L 58.3 32.5 L 59.1 32.7 L 60.0 31.1 L 60.9 31.7 L 61.7 30.1 L 62.6 32.1 L 63.5 31.7 L 64.3 33.0 L 65.2 31.5 L 66.0 33.9 L 66.9 34.5 L 67.8 30.4 L 68.6 32.9 L 69.5 33.0 L 70.4 31.8 L 71.2 31.1 L 72.1 32.7 L 73.0 33.7 L 73.8 30.4 L 74.7 31.9 L 75.5 32.8 L 76.4 31.6 L 77.3 31.9 L 78.1 29.8 L 79.0 31.4 L 79.9 33.1 L 80.7 32.0 L 81.6 31.5 L 82.5 31.7 L 83.3 30.2 L 84.2 34.3 L 85.0 30.0 L 85.9 30.5 L 86.8 29.0 L 87.6 33.0 L 88.5 32.3 L 89.4 32.9 L 90.2 33.5 L 91.1 31.8 L 92.0 31.8 L 92.8 34.2 L 93.7 31.9 L 94.5 30.1 L 95.4 34.6 L 96.3 31.0 L 97.1 33.8 L 98.0 32.1 L 98.9 30.9 L 99.7 32.7 L 100.6 33.7 L 101.5 31.8 L 102.3 33.3 L 103.2 34.9 L 104.0 35.4 L 104.9 29.9 L 105.8 36.6 L 106.6 31.7 L 107.5 32.6 L 108.4 30.9 L 109.2 33.9 L 110.1 31.0 L 111.0 33.1 L 111.8 31.0 L 112.7 37.0 L 113.5 36.2 L 114.4 31.4 L 115.3 33.7 L 116.1 16.2 L 117.0 3.0" fill="none" stroke="#3b82f6" stroke-width="1.5" stroke-linecap="round" stroke-linejoin="round"/>
</svg>', '<svg xmlns="http://www.w3.org/2000/svg" viewBox="0 0 120 40" width="120" height="40">
  <path d="M 3.0 17.6 L 3.9 13.9 L 4.7 29.2 L 5.6 17.7 L 6.5 9.7 L 7.3 37.0 L 8.2 13.3 L 9.0 15.0 L 9.9 8.6 L 10.8 8.2 L 11.6 7.1 L 12.5 12.8 L 13.4 7.0 L 14.2 11.8 L 15.1 10.9 L 16.0 13.0 L 16.8 15.1 L 17.7 8.9 L 18.5 10.6 L 19.4 10.3 L 20.3 7.7 L 21.1 7.9 L 22.0 8.5 L 22.9 6.8 L 23.7 6.5 L 24.6 7.9 L 25.5 7.7 L 26.3 8.3 L 27.2 7.7 L 28.0 7.7 L 28.9 8.0 L 29.8 7.6 L 30.6 7.3 L 31.5 6.7 L 32.4 8.0 L 33.2 8.2 L 34.1 7.6 L 35.0 7.9 L 35.8 7.5 L 36.7 7.6 L 37.5 6.7 L 38.4 7.3 L 39.3 7.0 L 40.1 7.8 L 41.0 8.7 L 41.9 7.7 L 42.7 7.9 L 43.6 7.2 L 44.5 7.7 L 45.3 7.1 L 46.2 7.3 L 47.0 7.9 L 47.9 7.4 L 48.8 7.1 L 49.6 7.0 L 50.5 7.8 L 51.4 7.1 L 52.2 7.9 L 53.1 7.8 L 54.0 7.2 L 54.8 7.5 L 55.7 7.7 L 56.5 7.3 L 57.4 8.3 L 58.3 7.6 L 59.1 7.7 L 60.0 7.1 L 60.9 7.4 L 61.7 6.8 L 62.6 7.5 L 63.5 7.4 L 64.3 7.8 L 65.2 7.3 L 66.0 8.1 L 66.9 8.2 L 67.8 7.0 L 68.6 7.7 L 69.5 7.7 L 70.4 7.4 L 71.2 7.2 L 72.1 7.6 L 73.0 7.9 L 73.8 7.0 L 74.7 7.4 L 75.5 7.6 L 76.4 7.3 L 77.3 7.4 L 78.1 6.9 L 79.0 7.3 L 79.9 7.7 L 80.7 7.4 L 81.6 7.3 L 82.5 7.4 L 83.3 7.0 L 84.2 7.9 L 85.0 7.0 L 85.9 7.1 L 86.8 6.8 L 87.6 7.7 L 88.5 7.5 L 89.4 7.6 L 90.2 7.7 L 91.1 7.4 L 92.0 7.4 L 92.8 7.9 L 93.7 7.4 L 94.5 7.1 L 95.4 7.9 L 96.3 7.2 L 97.1 7.8 L 98.0 7.4 L 98.9 7.2 L 99.7 7.6 L 100.6 7.7 L 101.5 7.4 L 102.3 7.6 L 103.2 7.9 L 104.0 8.0 L 104.9 7.1 L 105.8 8.2 L 106.6 7.4 L 107.5 7.5 L 108.4 7.2 L 109.2 7.7 L 110.1 7.2 L 111.0 7.6 L 111.8 7.3 L 112.7 8.2 L 113.5 8.1 L 114.4 7.3 L 115.3 7.7 L 116.1 5.0 L 117.0 3.0" fill="none" stroke="#3b82f6" stroke-width="1.5" stroke-linecap="round" stroke-linejoin="round"/>
</svg>');
INSERT INTO public.spectra (id, object_id, grating, fits_path, reduction_version, signal_to_noise, thumbnail_svg_fnu, thumbnail_svg_flambda)
VALUES (7, 'cosmos_ddt_1', 'PRISM', 'spectra/cosmos_ddt/cosmos_ddt_prism_clear_1_spec.fits', 'v0.2', 15.5878658294678, '<svg xmlns="http://www.w3.org/2000/svg" viewBox="0 0 120 40" width="120" height="40">
  <path d="M 3.0 13.2 L 4.1 14.0 L 5.2 14.7 L 6.4 13.6 L 7.5 12.2 L 8.6 11.9 L 9.7 12.6 L 10.8 12.6 L 11.9 12.2 L 13.1 12.8 L 14.2 13.6 L 15.3 12.2 L 16.4 12.6 L 17.5 13.1 L 18.6 12.5 L 19.8 12.5 L 20.9 12.3 L 22.0 12.5 L 23.1 11.7 L 24.2 11.3 L 25.4 13.6 L 26.5 11.1 L 27.6 10.3 L 28.7 9.5 L 29.8 10.4 L 30.9 9.7 L 32.1 10.6 L 33.2 10.3 L 34.3 6.1 L 35.4 10.4 L 36.5 10.3 L 37.6 9.4 L 38.8 10.9 L 39.9 10.7 L 41.0 9.7 L 42.1 9.5 L 43.2 9.8 L 44.4 10.6 L 45.5 8.9 L 46.6 4.7 L 47.7 9.3 L 48.8 11.5 L 49.9 10.3 L 51.1 11.0 L 52.2 11.2 L 53.3 10.5 L 54.4 10.1 L 55.5 10.7 L 56.6 10.8 L 57.8 11.0 L 58.9 10.5 L 60.0 10.5 L 61.1 11.3 L 62.2 11.4 L 63.4 10.3 L 64.5 9.7 L 65.6 9.0 L 66.7 12.7 L 67.8 12.2 L 68.9 9.3 L 70.1 11.9 L 71.2 9.6 L 72.3 11.4 L 73.4 10.7 L 74.5 10.1 L 75.6 11.8 L 76.8 13.3 L 77.9 6.4 L 79.0 8.9 L 80.1 10.5 L 81.2 11.3 L 82.4 10.1 L 83.5 9.4 L 84.6 8.8 L 85.7 12.3 L 86.8 10.4 L 87.9 10.9 L 89.1 11.8 L 90.2 11.4 L 91.3 9.7 L 92.4 10.1 L 93.5 7.9 L 94.6 8.4 L 95.8 5.1 L 96.9 8.0 L 98.0 9.7 L 99.1 8.7 L 100.2 9.4 L 101.4 10.6 L 102.5 9.7 L 103.6 11.9 L 104.7 8.9 L 105.8 13.0 L 106.9 16.2 L 108.1 10.2 L 109.2 10.8 L 110.3 3.0 L 111.4 16.2 L 112.5 12.4 L 113.6 6.2 L 114.8 15.3 L 115.9 8.4 L 117.0 37.0" fill="none" stroke="#3b82f6" stroke-width="1.5" stroke-linecap="round" stroke-linejoin="round"/>
</svg>', '<svg xmlns="http://www.w3.org/2000/svg" viewBox="0 0 120 40" width="120" height="40">
  <path d="M 3.0 14.4 L 4.1 27.2 L 5.2 37.0 L 6.4 21.9 L 7.5 5.5 L 8.6 3.0 L 9.7 12.8 L 10.8 13.7 L 11.9 11.5 L 13.1 18.2 L 14.2 24.7 L 15.3 16.3 L 16.4 19.9 L 17.5 23.4 L 18.6 21.3 L 19.8 22.0 L 20.9 21.9 L 22.0 23.3 L 23.1 21.5 L 24.2 21.4 L 25.4 27.4 L 26.5 22.2 L 27.6 21.3 L 28.7 20.6 L 29.8 22.7 L 30.9 22.1 L 32.1 23.9 L 33.2 23.8 L 34.3 18.9 L 35.4 24.4 L 36.5 24.6 L 37.6 23.9 L 38.8 25.6 L 39.9 25.6 L 41.0 24.9 L 42.1 24.9 L 43.2 25.3 L 44.4 26.0 L 45.5 24.9 L 46.6 22.1 L 47.7 25.5 L 48.8 27.0 L 49.9 26.3 L 51.1 26.8 L 52.2 27.0 L 53.3 26.7 L 54.4 26.5 L 55.5 26.9 L 56.6 27.0 L 57.8 27.1 L 58.9 26.9 L 60.0 27.0 L 61.1 27.4 L 62.2 27.5 L 63.4 27.0 L 64.5 26.8 L 65.6 26.5 L 66.7 28.1 L 67.8 27.9 L 68.9 26.8 L 70.1 27.9 L 71.2 27.0 L 72.3 27.7 L 73.4 27.4 L 74.5 27.3 L 75.6 27.9 L 76.8 28.4 L 77.9 26.1 L 79.0 27.0 L 80.1 27.5 L 81.2 27.8 L 82.4 27.4 L 83.5 27.3 L 84.6 27.1 L 85.7 28.2 L 86.8 27.6 L 87.9 27.8 L 89.1 28.0 L 90.2 27.9 L 91.3 27.5 L 92.4 27.6 L 93.5 27.0 L 94.6 27.2 L 95.8 26.4 L 96.9 27.1 L 98.0 27.6 L 99.1 27.3 L 100.2 27.6 L 101.4 27.8 L 102.5 27.7 L 103.6 28.2 L 104.7 27.5 L 105.8 28.4 L 106.9 29.1 L 108.1 27.8 L 109.2 28.0 L 110.3 26.3 L 111.4 29.1 L 112.5 28.3 L 113.6 27.0 L 114.8 28.9 L 115.9 27.5 L 117.0 33.3" fill="none" stroke="#3b82f6" stroke-width="1.5" stroke-linecap="round" stroke-linejoin="round"/>
</svg>');
INSERT INTO public.spectra (id, object_id, grating, fits_path, reduction_version, signal_to_noise, thumbnail_svg_fnu, thumbnail_svg_flambda)
VALUES (4, 'cosmos_ddt_11794', 'PRISM', 'spectra/cosmos_ddt/cosmos_ddt_prism_clear_11794_spec.fits', 'v0.2', 17.0601577758789, '<svg xmlns="http://www.w3.org/2000/svg" viewBox="0 0 120 40" width="120" height="40">
  <path d="M 3.0 32.3 L 4.1 34.1 L 5.2 33.9 L 6.4 34.6 L 7.5 33.5 L 8.6 34.4 L 9.7 34.5 L 10.8 31.8 L 11.9 31.9 L 13.1 35.3 L 14.2 32.3 L 15.3 31.1 L 16.4 31.4 L 17.5 32.3 L 18.6 31.4 L 19.8 31.4 L 20.9 31.7 L 22.0 32.5 L 23.1 31.1 L 24.2 31.6 L 25.4 30.8 L 26.5 33.3 L 27.6 31.9 L 28.7 31.9 L 29.8 32.1 L 30.9 32.4 L 32.1 33.9 L 33.2 31.0 L 34.3 31.5 L 35.4 32.4 L 36.5 33.1 L 37.6 33.1 L 38.8 33.1 L 39.9 32.0 L 41.0 32.7 L 42.1 32.6 L 43.2 33.5 L 44.4 30.4 L 45.5 31.7 L 46.6 32.2 L 47.7 34.3 L 48.8 31.9 L 49.9 33.1 L 51.1 30.8 L 52.2 33.2 L 53.3 31.3 L 54.4 33.7 L 55.5 32.1 L 56.6 32.0 L 57.8 32.9 L 58.9 30.8 L 60.0 32.6 L 61.1 27.5 L 62.2 3.0 L 63.4 30.5 L 64.5 33.0 L 65.6 35.6 L 66.7 32.2 L 67.8 34.7 L 68.9 34.3 L 70.1 30.4 L 71.2 30.3 L 72.3 34.9 L 73.4 34.8 L 74.5 32.8 L 75.6 34.1 L 76.8 31.9 L 77.9 33.1 L 79.0 30.6 L 80.1 28.7 L 81.2 34.3 L 82.4 30.4 L 83.5 33.3 L 84.6 34.2 L 85.7 33.6 L 86.8 36.0 L 87.9 29.9 L 89.1 32.8 L 90.2 33.8 L 91.3 29.5 L 92.4 34.2 L 93.5 6.1 L 94.6 33.2 L 95.8 33.6 L 96.9 37.0 L 98.0 34.2 L 99.1 36.5 L 100.2 30.6 L 101.4 28.9 L 102.5 34.0 L 103.6 33.1 L 104.7 31.8 L 105.8 30.6 L 106.9 30.0 L 108.1 34.2 L 109.2 31.2 L 110.3 29.0 L 111.4 34.9 L 112.5 32.2 L 113.6 35.4 L 114.8 24.2 L 115.9 32.3 L 117.0 26.5" fill="none" stroke="#3b82f6" stroke-width="1.5" stroke-linecap="round" stroke-linejoin="round"/>
</svg>', '<svg xmlns="http://www.w3.org/2000/svg" viewBox="0 0 120 40" width="120" height="40">
  <path d="M 3.0 3.0 L 4.1 31.8 L 5.2 28.6 L 6.4 37.0 L 7.5 21.3 L 8.6 32.1 L 9.7 32.6 L 10.8 4.8 L 11.9 6.5 L 13.1 36.7 L 14.2 12.1 L 15.3 5.2 L 16.4 8.3 L 17.5 15.1 L 18.6 11.1 L 19.8 12.5 L 20.9 14.4 L 22.0 18.1 L 23.1 14.2 L 24.2 16.4 L 25.4 14.8 L 26.5 20.9 L 27.6 18.2 L 28.7 18.4 L 29.8 19.1 L 30.9 19.7 L 32.1 21.9 L 33.2 18.1 L 34.3 18.9 L 35.4 20.0 L 36.5 20.9 L 37.6 21.0 L 38.8 20.9 L 39.9 19.9 L 41.0 20.7 L 42.1 20.6 L 43.2 21.4 L 44.4 18.9 L 45.5 20.0 L 46.6 20.4 L 47.7 21.9 L 48.8 20.3 L 49.9 21.1 L 51.1 19.6 L 52.2 21.2 L 53.3 20.0 L 54.4 21.5 L 55.5 20.6 L 56.6 20.5 L 57.8 21.1 L 58.9 20.0 L 60.0 20.9 L 61.1 18.5 L 62.2 7.1 L 63.4 20.0 L 64.5 21.1 L 65.6 22.3 L 66.7 20.8 L 67.8 21.8 L 68.9 21.7 L 70.1 20.1 L 71.2 20.1 L 72.3 21.9 L 73.4 21.8 L 74.5 21.1 L 75.6 21.6 L 76.8 20.8 L 77.9 21.2 L 79.0 20.4 L 80.1 19.8 L 81.2 21.6 L 82.4 20.4 L 83.5 21.3 L 84.6 21.6 L 85.7 21.4 L 86.8 22.1 L 87.9 20.3 L 89.1 21.2 L 90.2 21.4 L 91.3 20.2 L 92.4 21.5 L 93.5 13.8 L 94.6 21.3 L 95.8 21.4 L 96.9 22.3 L 98.0 21.5 L 99.1 22.1 L 100.2 20.6 L 101.4 20.2 L 102.5 21.5 L 103.6 21.2 L 104.7 20.9 L 105.8 20.7 L 106.9 20.5 L 108.1 21.5 L 109.2 20.8 L 110.3 20.3 L 111.4 21.7 L 112.5 21.1 L 113.6 21.8 L 114.8 19.3 L 115.9 21.1 L 117.0 19.9" fill="none" stroke="#3b82f6" stroke-width="1.5" stroke-linecap="round" stroke-linejoin="round"/>
</svg>');
INSERT INTO public.spectra (id, object_id, grating, fits_path, reduction_version, signal_to_noise, thumbnail_svg_fnu, thumbnail_svg_flambda)
VALUES (19, 'cosmos_ddt_51786', 'PRISM', 'spectra/cosmos_ddt/cosmos_ddt_prism_clear_51786_spec.fits', 'v0.2', 26.8315448760986, '<svg xmlns="http://www.w3.org/2000/svg" viewBox="0 0 120 40" width="120" height="40">
  <path d="M 3.0 21.4 L 4.1 16.9 L 5.3 18.4 L 6.4 15.1 L 7.5 12.9 L 8.6 18.6 L 9.8 13.6 L 10.9 10.6 L 12.0 13.8 L 13.2 14.2 L 14.3 9.8 L 15.4 12.2 L 16.5 3.0 L 17.7 10.5 L 18.8 11.0 L 19.9 8.3 L 21.1 10.0 L 22.2 5.8 L 23.3 7.9 L 24.4 7.2 L 25.6 5.4 L 26.7 8.2 L 27.8 5.0 L 29.0 7.7 L 30.1 6.9 L 31.2 4.9 L 32.3 7.8 L 33.5 6.7 L 34.6 6.9 L 35.7 8.7 L 36.9 5.4 L 38.0 4.7 L 39.1 3.9 L 40.2 6.2 L 41.4 4.0 L 42.5 7.1 L 43.6 7.5 L 44.8 8.5 L 45.9 6.6 L 47.0 5.9 L 48.1 10.3 L 49.3 8.6 L 50.4 7.9 L 51.5 9.9 L 52.7 15.5 L 53.8 13.2 L 54.9 9.5 L 56.0 12.8 L 57.2 14.1 L 58.3 13.0 L 59.4 20.8 L 60.6 16.4 L 61.7 17.0 L 62.8 18.4 L 64.0 18.2 L 65.1 16.6 L 66.2 15.6 L 67.3 21.6 L 68.5 19.0 L 69.6 18.7 L 70.7 17.4 L 71.9 20.0 L 73.0 15.6 L 74.1 16.4 L 75.2 19.9 L 76.4 20.2 L 77.5 20.5 L 78.6 26.3 L 79.8 23.8 L 80.9 28.8 L 82.0 20.8 L 83.1 27.5 L 84.3 12.6 L 85.4 17.9 L 86.5 22.6 L 87.7 23.8 L 88.8 20.7 L 89.9 21.4 L 91.0 30.4 L 92.2 21.1 L 93.3 19.6 L 94.4 30.8 L 95.6 23.7 L 96.7 22.8 L 97.8 24.8 L 98.9 26.7 L 100.1 19.9 L 101.2 18.8 L 102.3 18.2 L 103.5 17.1 L 104.6 23.9 L 105.7 13.4 L 106.8 10.0 L 108.0 16.9 L 109.1 22.6 L 110.2 37.0 L 111.4 27.2 L 112.5 30.7 L 113.6 13.9 L 114.7 23.2 L 115.9 21.1 L 117.0 26.5" fill="none" stroke="#3b82f6" stroke-width="1.5" stroke-linecap="round" stroke-linejoin="round"/>
</svg>', '<svg xmlns="http://www.w3.org/2000/svg" viewBox="0 0 120 40" width="120" height="40">
  <path d="M 3.0 12.8 L 4.1 4.4 L 5.3 9.4 L 6.4 4.9 L 7.5 3.0 L 8.6 14.9 L 9.8 9.0 L 10.9 7.0 L 12.0 13.6 L 13.2 16.2 L 14.3 13.6 L 15.4 18.2 L 16.5 12.3 L 17.7 20.8 L 18.8 22.9 L 19.9 22.9 L 21.1 25.4 L 22.2 24.7 L 23.3 26.9 L 24.4 27.7 L 25.6 28.1 L 26.7 29.7 L 27.8 29.5 L 29.0 30.8 L 30.1 31.1 L 31.2 31.1 L 32.3 32.1 L 33.5 32.2 L 34.6 32.5 L 35.7 33.1 L 36.9 32.8 L 38.0 32.9 L 39.1 33.0 L 40.2 33.5 L 41.4 33.4 L 42.5 33.9 L 43.6 34.1 L 44.8 34.3 L 45.9 34.2 L 47.0 34.2 L 48.1 34.8 L 49.3 34.7 L 50.4 34.7 L 51.5 34.9 L 52.7 35.5 L 53.8 35.3 L 54.9 35.1 L 56.0 35.4 L 57.2 35.5 L 58.3 35.5 L 59.4 36.1 L 60.6 35.8 L 61.7 35.9 L 62.8 36.0 L 64.0 36.0 L 65.1 35.9 L 66.2 35.9 L 67.3 36.2 L 68.5 36.1 L 69.6 36.1 L 70.7 36.0 L 71.9 36.2 L 73.0 36.0 L 74.1 36.0 L 75.2 36.2 L 76.4 36.3 L 77.5 36.3 L 78.6 36.6 L 79.8 36.5 L 80.9 36.7 L 82.0 36.3 L 83.1 36.6 L 84.3 36.0 L 85.4 36.2 L 86.5 36.4 L 87.7 36.5 L 88.8 36.4 L 89.9 36.4 L 91.0 36.8 L 92.2 36.4 L 93.3 36.4 L 94.4 36.8 L 95.6 36.5 L 96.7 36.5 L 97.8 36.6 L 98.9 36.7 L 100.1 36.4 L 101.2 36.4 L 102.3 36.4 L 103.5 36.3 L 104.6 36.6 L 105.7 36.2 L 106.8 36.1 L 108.0 36.4 L 109.1 36.5 L 110.2 37.0 L 111.4 36.7 L 112.5 36.8 L 113.6 36.3 L 114.7 36.6 L 115.9 36.5 L 117.0 36.7" fill="none" stroke="#3b82f6" stroke-width="1.5" stroke-linecap="round" stroke-linejoin="round"/>
</svg>');
INSERT INTO public.spectra (id, object_id, grating, fits_path, reduction_version, signal_to_noise, thumbnail_svg_fnu, thumbnail_svg_flambda)
VALUES (134, 'cosmos_ddt_60348', 'PRISM', 'spectra/cosmos_ddt/cosmos_ddt_prism_clear_60348_spec.fits', 'v0.2', 73.8706207275391, '<svg xmlns="http://www.w3.org/2000/svg" viewBox="0 0 120 40" width="120" height="40">
  <path d="M 3.0 36.5 L 3.9 37.0 L 4.7 36.2 L 5.6 35.5 L 6.4 35.3 L 7.3 35.8 L 8.1 35.2 L 9.0 35.6 L 9.9 35.3 L 10.7 35.1 L 11.6 35.0 L 12.4 34.8 L 13.3 34.8 L 14.1 34.7 L 15.0 34.9 L 15.9 34.8 L 16.7 34.5 L 17.6 34.7 L 18.4 34.8 L 19.3 34.2 L 20.1 34.2 L 21.0 33.9 L 21.9 34.4 L 22.7 33.8 L 23.6 33.8 L 24.4 33.6 L 25.3 33.6 L 26.1 33.1 L 27.0 33.4 L 27.9 32.4 L 28.7 31.6 L 29.6 31.0 L 30.4 30.6 L 31.3 30.2 L 32.1 30.5 L 33.0 29.9 L 33.9 30.4 L 34.7 29.6 L 35.6 30.3 L 36.4 27.2 L 37.3 25.3 L 38.1 28.7 L 39.0 29.9 L 39.9 29.9 L 40.7 30.0 L 41.6 29.6 L 42.4 29.7 L 43.3 29.7 L 44.1 29.5 L 45.0 29.1 L 45.9 29.0 L 46.7 29.6 L 47.6 29.3 L 48.4 29.3 L 49.3 29.6 L 50.1 29.1 L 51.0 28.8 L 51.9 3.0 L 52.7 28.5 L 53.6 25.4 L 54.4 28.6 L 55.3 29.2 L 56.1 29.0 L 57.0 28.1 L 57.9 28.9 L 58.7 29.1 L 59.6 28.3 L 60.4 28.8 L 61.3 29.1 L 62.1 28.9 L 63.0 29.1 L 63.9 28.7 L 64.7 29.1 L 65.6 29.0 L 66.4 29.2 L 67.3 29.5 L 68.1 28.8 L 69.0 29.4 L 69.9 29.4 L 70.7 29.2 L 71.6 28.6 L 72.4 30.2 L 73.3 29.3 L 74.1 30.1 L 75.0 29.4 L 75.9 29.0 L 76.7 28.8 L 77.6 29.2 L 78.4 29.3 L 79.3 28.9 L 80.1 29.0 L 81.0 28.5 L 81.9 28.5 L 82.7 26.7 L 83.6 28.8 L 84.4 29.7 L 85.3 28.7 L 86.1 29.9 L 87.0 29.1 L 87.9 29.6 L 88.7 29.7 L 89.6 22.5 L 90.4 29.4 L 91.3 30.2 L 92.1 31.2 L 93.0 30.3 L 93.9 29.9 L 94.7 29.2 L 95.6 30.4 L 96.4 29.6 L 97.3 29.9 L 98.1 29.8 L 99.0 30.2 L 99.9 30.2 L 100.7 30.1 L 101.6 29.9 L 102.4 29.8 L 103.3 30.8 L 104.1 29.7 L 105.0 30.5 L 105.9 29.9 L 106.7 31.0 L 107.6 29.2 L 108.4 28.6 L 109.3 29.4 L 110.1 30.7 L 111.0 21.2 L 111.9 28.0 L 112.7 26.6 L 113.6 32.0 L 114.4 30.7 L 115.3 29.4 L 116.1 31.8 L 117.0 22.7" fill="none" stroke="#3b82f6" stroke-width="1.5" stroke-linecap="round" stroke-linejoin="round"/>
</svg>', '<svg xmlns="http://www.w3.org/2000/svg" viewBox="0 0 120 40" width="120" height="40">
  <path d="M 3.0 8.9 L 3.9 16.1 L 4.7 8.2 L 5.6 3.0 L 6.4 3.1 L 7.3 9.0 L 8.1 5.8 L 9.0 10.6 L 9.9 9.9 L 10.7 9.8 L 11.6 11.6 L 12.4 12.2 L 13.3 14.0 L 14.1 14.7 L 15.0 17.7 L 15.9 19.2 L 16.7 19.4 L 17.6 21.6 L 18.4 23.3 L 19.3 22.8 L 20.1 24.1 L 21.0 24.6 L 21.9 26.9 L 22.7 26.5 L 23.6 27.4 L 24.4 27.9 L 25.3 28.8 L 26.1 28.7 L 27.0 29.7 L 27.9 29.0 L 28.7 28.6 L 29.6 28.4 L 30.4 28.5 L 31.3 28.6 L 32.1 29.4 L 33.0 29.4 L 33.9 30.2 L 34.7 29.9 L 35.6 30.9 L 36.4 28.8 L 37.3 27.7 L 38.1 30.6 L 39.0 31.7 L 39.9 32.0 L 40.7 32.2 L 41.6 32.3 L 42.4 32.5 L 43.3 32.7 L 44.1 32.7 L 45.0 32.7 L 45.9 32.8 L 46.7 33.3 L 47.6 33.3 L 48.4 33.4 L 49.3 33.7 L 50.1 33.5 L 51.0 33.5 L 51.9 22.4 L 52.7 33.6 L 53.6 32.5 L 54.4 33.9 L 55.3 34.2 L 56.1 34.2 L 57.0 34.0 L 57.9 34.4 L 58.7 34.5 L 59.6 34.3 L 60.4 34.6 L 61.3 34.7 L 62.1 34.7 L 63.0 34.9 L 63.9 34.8 L 64.7 35.0 L 65.6 35.0 L 66.4 35.1 L 67.3 35.3 L 68.1 35.1 L 69.0 35.3 L 69.9 35.4 L 70.7 35.4 L 71.6 35.2 L 72.4 35.7 L 73.3 35.5 L 74.1 35.8 L 75.0 35.6 L 75.9 35.6 L 76.7 35.5 L 77.6 35.7 L 78.4 35.7 L 79.3 35.7 L 80.1 35.7 L 81.0 35.6 L 81.9 35.7 L 82.7 35.3 L 83.6 35.8 L 84.4 36.0 L 85.3 35.8 L 86.1 36.1 L 87.0 36.0 L 87.9 36.1 L 88.7 36.2 L 89.6 34.7 L 90.4 36.1 L 91.3 36.3 L 92.1 36.5 L 93.0 36.4 L 93.9 36.3 L 94.7 36.2 L 95.6 36.5 L 96.4 36.3 L 97.3 36.4 L 98.1 36.4 L 99.0 36.5 L 99.9 36.5 L 100.7 36.5 L 101.6 36.5 L 102.4 36.5 L 103.3 36.7 L 104.1 36.5 L 105.0 36.6 L 105.9 36.6 L 106.7 36.8 L 107.6 36.5 L 108.4 36.4 L 109.3 36.5 L 110.1 36.8 L 111.0 35.3 L 111.9 36.4 L 112.7 36.2 L 113.6 37.0 L 114.4 36.8 L 115.3 36.6 L 116.1 37.0 L 117.0 35.7" fill="none" stroke="#3b82f6" stroke-width="1.5" stroke-linecap="round" stroke-linejoin="round"/>
</svg>');
INSERT INTO public.spectra (id, object_id, grating, fits_path, reduction_version, signal_to_noise, thumbnail_svg_fnu, thumbnail_svg_flambda)
VALUES (137, 'cosmos_ddt_60429', 'PRISM', 'spectra/cosmos_ddt/cosmos_ddt_prism_clear_60429_spec.fits', 'v0.2', 7.05811214447021, '<svg xmlns="http://www.w3.org/2000/svg" viewBox="0 0 120 40" width="120" height="40">
  <path d="M 3.0 33.2 L 3.9 30.1 L 4.7 32.4 L 5.6 33.3 L 6.4 37.0 L 7.3 24.3 L 8.1 31.6 L 9.0 30.6 L 9.9 28.0 L 10.7 32.8 L 11.6 29.1 L 12.4 25.9 L 13.3 26.7 L 14.1 26.5 L 15.0 25.5 L 15.9 26.9 L 16.7 30.1 L 17.6 21.1 L 18.4 24.8 L 19.3 21.8 L 20.1 23.6 L 21.0 29.5 L 21.9 22.3 L 22.7 24.2 L 23.6 22.0 L 24.4 24.0 L 25.3 19.8 L 26.1 27.4 L 27.0 24.6 L 27.9 23.6 L 28.7 27.7 L 29.6 20.7 L 30.4 25.1 L 31.3 24.3 L 32.1 14.3 L 33.0 27.8 L 33.9 20.2 L 34.7 22.2 L 35.6 24.8 L 36.4 25.5 L 37.3 24.3 L 38.1 21.3 L 39.0 10.9 L 39.9 21.4 L 40.7 25.7 L 41.6 24.6 L 42.4 27.7 L 43.3 18.9 L 44.1 25.9 L 45.0 25.0 L 45.9 21.8 L 46.7 24.7 L 47.6 23.9 L 48.4 21.1 L 49.3 23.9 L 50.1 24.1 L 51.0 23.1 L 51.9 24.8 L 52.7 20.9 L 53.6 21.0 L 54.4 7.8 L 55.3 24.1 L 56.1 20.4 L 57.0 17.6 L 57.9 21.3 L 58.7 23.6 L 59.6 21.0 L 60.4 23.8 L 61.3 25.9 L 62.1 23.2 L 63.0 22.6 L 63.9 21.7 L 64.7 24.3 L 65.6 23.1 L 66.4 29.3 L 67.3 13.9 L 68.1 26.3 L 69.0 17.8 L 69.9 29.2 L 70.7 24.4 L 71.6 24.7 L 72.4 27.4 L 73.3 22.7 L 74.1 13.5 L 75.0 28.0 L 75.9 25.5 L 76.7 16.4 L 77.6 21.4 L 78.4 20.3 L 79.3 20.5 L 80.1 22.5 L 81.0 16.5 L 81.9 17.8 L 82.7 15.6 L 83.6 21.8 L 84.4 30.5 L 85.3 24.2 L 86.1 29.8 L 87.0 26.9 L 87.9 20.9 L 88.7 19.5 L 89.6 25.8 L 90.4 23.4 L 91.3 24.5 L 92.1 25.6 L 93.0 25.7 L 93.9 26.2 L 94.7 21.5 L 95.6 15.5 L 96.4 18.5 L 97.3 22.3 L 98.1 24.0 L 99.0 25.7 L 99.9 33.1 L 100.7 19.6 L 101.6 19.6 L 102.4 19.3 L 103.3 34.9 L 104.1 30.9 L 105.0 34.5 L 105.9 22.5 L 106.7 27.4 L 107.6 26.6 L 108.4 20.0 L 109.3 21.0 L 110.1 22.4 L 111.0 22.6 L 111.9 25.9 L 112.7 34.2 L 113.6 33.5 L 114.4 17.0 L 115.3 17.1 L 116.1 17.4 L 117.0 3.0" fill="none" stroke="#3b82f6" stroke-width="1.5" stroke-linecap="round" stroke-linejoin="round"/>
</svg>', '<svg xmlns="http://www.w3.org/2000/svg" viewBox="0 0 120 40" width="120" height="40">
  <path d="M 3.0 30.2 L 3.9 19.8 L 4.7 26.2 L 5.6 27.9 L 6.4 37.0 L 7.3 3.0 L 8.1 21.0 L 9.0 18.3 L 9.9 12.0 L 10.7 21.6 L 11.6 13.9 L 12.4 7.9 L 13.3 9.4 L 14.1 9.1 L 15.0 7.7 L 15.9 9.7 L 16.7 13.5 L 17.6 3.5 L 18.4 7.7 L 19.3 5.2 L 20.1 7.0 L 21.0 11.7 L 21.9 6.6 L 22.7 8.0 L 23.6 6.9 L 24.4 8.2 L 25.3 6.3 L 26.1 10.0 L 27.0 8.8 L 27.9 8.5 L 28.7 10.0 L 29.6 7.6 L 30.4 9.2 L 31.3 9.0 L 32.1 6.2 L 33.0 10.0 L 33.9 8.0 L 34.7 8.6 L 35.6 9.2 L 36.4 9.4 L 37.3 9.2 L 38.1 8.6 L 39.0 6.6 L 39.9 8.7 L 40.7 9.5 L 41.6 9.3 L 42.4 9.9 L 43.3 8.4 L 44.1 9.6 L 45.0 9.4 L 45.9 9.0 L 46.7 9.4 L 47.6 9.3 L 48.4 9.0 L 49.3 9.4 L 50.1 9.4 L 51.0 9.3 L 51.9 9.5 L 52.7 9.0 L 53.6 9.1 L 54.4 7.6 L 55.3 9.4 L 56.1 9.0 L 57.0 8.8 L 57.9 9.2 L 58.7 9.4 L 59.6 9.2 L 60.4 9.4 L 61.3 9.6 L 62.1 9.4 L 63.0 9.3 L 63.9 9.3 L 64.7 9.5 L 65.6 9.4 L 66.4 9.9 L 67.3 8.7 L 68.1 9.7 L 69.0 9.0 L 69.9 9.9 L 70.7 9.5 L 71.6 9.6 L 72.4 9.8 L 73.3 9.4 L 74.1 8.8 L 75.0 9.8 L 75.9 9.6 L 76.7 9.0 L 77.6 9.4 L 78.4 9.3 L 79.3 9.3 L 80.1 9.5 L 81.0 9.1 L 81.9 9.2 L 82.7 9.0 L 83.6 9.4 L 84.4 10.0 L 85.3 9.6 L 86.1 9.9 L 87.0 9.7 L 87.9 9.4 L 88.7 9.3 L 89.6 9.7 L 90.4 9.5 L 91.3 9.6 L 92.1 9.7 L 93.0 9.7 L 93.9 9.7 L 94.7 9.5 L 95.6 9.1 L 96.4 9.3 L 97.3 9.5 L 98.1 9.6 L 99.0 9.7 L 99.9 10.1 L 100.7 9.4 L 101.6 9.4 L 102.4 9.4 L 103.3 10.1 L 104.1 9.9 L 105.0 10.1 L 105.9 9.5 L 106.7 9.8 L 107.6 9.7 L 108.4 9.4 L 109.3 9.5 L 110.1 9.5 L 111.0 9.6 L 111.9 9.7 L 112.7 10.1 L 113.6 10.0 L 114.4 9.3 L 115.3 9.3 L 116.1 9.3 L 117.0 8.7" fill="none" stroke="#3b82f6" stroke-width="1.5" stroke-linecap="round" stroke-linejoin="round"/>
</svg>');
INSERT INTO public.spectra (id, object_id, grating, fits_path, reduction_version, signal_to_noise, thumbnail_svg_fnu, thumbnail_svg_flambda)
VALUES (2777, 'ember_cosmos_p1_631319', 'G395M', 'spectra/ember_cosmos_p1/ember_cosmos_p1_g395m_f290lp_631319_spec.fits', 'v0.2', 4.23364067077637, '<svg xmlns="http://www.w3.org/2000/svg" viewBox="0 0 120 40" width="120" height="40">
  <path d="M 3.0 31.6 L 4.1 20.2 L 5.2 27.8 L 6.3 29.0 L 7.3 20.9 L 8.4 26.9 L 9.5 20.5 L 10.6 31.1 L 11.7 36.1 L 12.8 22.8 L 13.9 23.1 L 14.9 17.7 L 16.0 18.0 L 17.1 20.4 L 18.2 20.1 L 19.3 22.1 L 20.4 27.4 L 21.5 23.4 L 22.5 20.5 L 23.6 27.8 L 24.7 23.7 L 25.8 26.1 L 26.9 25.2 L 28.0 19.9 L 29.1 27.7 L 30.1 20.1 L 31.2 19.8 L 32.3 22.4 L 33.4 21.0 L 34.5 28.4 L 35.6 19.2 L 36.7 26.6 L 37.7 28.6 L 38.8 24.3 L 39.9 25.3 L 41.0 29.5 L 42.1 20.5 L 43.2 24.1 L 44.3 24.5 L 45.3 24.1 L 46.4 27.9 L 47.5 22.8 L 48.6 20.0 L 49.7 37.0 L 50.8 27.8 L 51.9 23.3 L 52.9 25.6 L 54.0 20.2 L 55.1 24.9 L 56.2 25.1 L 57.3 34.1 L 58.4 23.2 L 59.5 12.8 L 60.5 22.6 L 61.6 23.5 L 62.7 25.1 L 63.8 19.3 L 64.9 27.0 L 66.0 28.4 L 67.1 22.3 L 68.1 19.8 L 69.2 29.2 L 70.3 18.6 L 71.4 23.0 L 72.5 26.1 L 73.6 16.0 L 74.7 23.8 L 75.7 19.8 L 76.8 17.6 L 77.9 14.9 L 79.0 13.9 L 80.1 26.1 L 81.2 19.2 L 82.3 32.0 L 83.3 17.8 L 84.4 35.4 L 85.5 28.4 L 86.6 20.7 L 87.7 12.6 L 88.8 13.9 L 89.9 22.4 L 90.9 34.0 L 92.0 15.5 L 93.1 27.1 L 94.2 10.5 L 95.3 31.7 L 96.4 13.6 L 97.5 34.6 L 98.5 13.8 L 99.6 10.0 L 100.7 34.1 L 101.8 33.1 L 102.9 3.0 L 104.0 22.7 L 105.1 25.0 L 106.1 28.4 L 107.2 27.8 L 108.3 28.5 L 109.4 22.6 L 110.5 16.6 L 111.6 16.0 L 112.7 19.1 L 113.7 13.0 L 114.8 3.8 L 115.9 21.1 L 117.0 18.0" fill="none" stroke="#3b82f6" stroke-width="1.5" stroke-linecap="round" stroke-linejoin="round"/>
</svg>', '<svg xmlns="http://www.w3.org/2000/svg" viewBox="0 0 120 40" width="120" height="40">
  <path d="M 3.0 29.4 L 4.1 5.6 L 5.2 21.4 L 6.3 23.8 L 7.3 7.7 L 8.4 19.6 L 9.5 7.1 L 10.6 27.5 L 11.7 37.0 L 12.8 12.0 L 13.9 12.6 L 14.9 3.0 L 16.0 3.7 L 17.1 10.1 L 18.2 9.9 L 19.3 12.8 L 20.4 20.6 L 21.5 14.9 L 22.5 10.9 L 23.6 21.2 L 24.7 15.5 L 25.8 18.8 L 26.9 17.6 L 28.0 10.5 L 29.1 21.0 L 30.1 11.0 L 31.2 10.7 L 32.3 14.2 L 33.4 12.5 L 34.5 21.9 L 35.6 10.4 L 36.7 19.6 L 37.7 22.0 L 38.8 16.8 L 39.9 18.0 L 41.0 23.1 L 42.1 12.6 L 43.2 16.8 L 44.3 17.3 L 45.3 16.9 L 46.4 21.1 L 47.5 15.4 L 48.6 12.5 L 49.7 31.0 L 50.8 21.0 L 51.9 16.3 L 52.9 18.7 L 54.0 13.0 L 55.1 18.0 L 56.2 18.2 L 57.3 27.4 L 58.4 16.4 L 59.5 6.1 L 60.5 15.9 L 61.6 16.8 L 62.7 18.4 L 63.8 12.8 L 64.9 20.2 L 66.0 21.5 L 67.1 15.8 L 68.1 13.5 L 69.2 22.2 L 70.3 12.6 L 71.4 16.7 L 72.5 19.4 L 73.6 10.5 L 74.7 17.4 L 75.7 14.0 L 76.8 12.1 L 77.9 9.9 L 79.0 9.2 L 80.1 19.5 L 81.2 13.8 L 82.3 24.4 L 83.3 12.7 L 84.4 27.1 L 85.5 21.4 L 86.6 15.3 L 87.7 8.9 L 88.8 10.0 L 89.9 16.7 L 90.9 25.7 L 92.0 11.5 L 93.1 20.4 L 94.2 7.8 L 95.3 23.8 L 96.4 10.4 L 97.5 25.9 L 98.5 10.7 L 99.6 8.0 L 100.7 25.4 L 101.8 24.6 L 102.9 3.4 L 104.0 17.3 L 105.1 18.9 L 106.1 21.3 L 107.2 20.9 L 108.3 21.4 L 109.4 17.4 L 110.5 13.4 L 111.6 13.0 L 112.7 15.1 L 113.7 11.2 L 114.8 5.3 L 115.9 16.5 L 117.0 14.6" fill="none" stroke="#3b82f6" stroke-width="1.5" stroke-linecap="round" stroke-linejoin="round"/>
</svg>');
INSERT INTO public.spectra (id, object_id, grating, fits_path, reduction_version, signal_to_noise, thumbnail_svg_fnu, thumbnail_svg_flambda)
VALUES (3226, 'ember_cosmos_p1_631319', 'PRISM', 'spectra/ember_cosmos_p1/ember_cosmos_p1_prism_clear_631319_spec.fits', 'v0.2', 16.5306301116943, '<svg xmlns="http://www.w3.org/2000/svg" viewBox="0 0 120 40" width="120" height="40">
  <path d="M 3.0 37.0 L 4.0 34.6 L 5.1 32.6 L 6.1 33.5 L 7.1 26.7 L 8.2 22.4 L 9.2 22.9 L 10.3 18.0 L 11.3 22.8 L 12.3 21.5 L 13.4 22.0 L 14.4 21.8 L 15.4 23.2 L 16.5 20.0 L 17.5 24.3 L 18.5 23.5 L 19.6 21.0 L 20.6 20.2 L 21.7 25.6 L 22.7 22.1 L 23.7 21.9 L 24.8 23.0 L 25.8 22.5 L 26.8 23.3 L 27.9 22.8 L 28.9 20.0 L 29.9 18.9 L 31.0 23.1 L 32.0 21.3 L 33.1 22.0 L 34.1 19.5 L 35.1 23.1 L 36.2 19.4 L 37.2 25.5 L 38.2 21.0 L 39.3 22.1 L 40.3 24.8 L 41.3 24.5 L 42.4 18.0 L 43.4 22.6 L 44.5 20.9 L 45.5 14.9 L 46.5 14.7 L 47.6 22.7 L 48.6 21.6 L 49.6 21.9 L 50.7 23.5 L 51.7 20.6 L 52.7 18.8 L 53.8 16.5 L 54.8 23.6 L 55.9 18.5 L 56.9 19.2 L 57.9 24.8 L 59.0 25.8 L 60.0 20.9 L 61.0 15.5 L 62.1 20.7 L 63.1 23.0 L 64.1 13.8 L 65.2 23.0 L 66.2 18.8 L 67.3 22.7 L 68.3 20.9 L 69.3 20.2 L 70.4 17.2 L 71.4 14.8 L 72.4 22.5 L 73.5 22.1 L 74.5 20.8 L 75.5 16.1 L 76.6 28.1 L 77.6 16.7 L 78.7 20.6 L 79.7 21.0 L 80.7 23.2 L 81.8 14.6 L 82.8 11.9 L 83.8 18.4 L 84.9 25.7 L 85.9 30.0 L 86.9 18.4 L 88.0 15.0 L 89.0 25.5 L 90.1 14.6 L 91.1 23.9 L 92.1 32.3 L 93.2 25.9 L 94.2 18.9 L 95.2 26.6 L 96.3 22.1 L 97.3 24.8 L 98.3 20.5 L 99.4 26.7 L 100.4 27.4 L 101.5 16.2 L 102.5 9.3 L 103.5 35.1 L 104.6 29.5 L 105.6 21.7 L 106.6 18.6 L 107.7 25.8 L 108.7 10.6 L 109.7 11.8 L 110.8 26.7 L 111.8 24.6 L 112.9 27.3 L 113.9 18.2 L 114.9 17.3 L 116.0 20.0 L 117.0 3.0" fill="none" stroke="#3b82f6" stroke-width="1.5" stroke-linecap="round" stroke-linejoin="round"/>
</svg>', '<svg xmlns="http://www.w3.org/2000/svg" viewBox="0 0 120 40" width="120" height="40">
  <path d="M 3.0 23.9 L 4.0 19.9 L 5.1 17.3 L 6.1 20.6 L 7.1 10.1 L 8.2 5.1 L 9.2 8.1 L 10.3 3.0 L 11.3 11.5 L 12.3 11.4 L 13.4 13.6 L 14.4 14.6 L 15.4 17.2 L 16.5 15.1 L 17.5 20.3 L 18.5 20.3 L 19.6 18.9 L 20.6 19.0 L 21.7 24.2 L 22.7 22.0 L 23.7 22.5 L 24.8 23.9 L 25.8 24.0 L 26.8 25.0 L 27.9 25.1 L 28.9 23.8 L 29.9 23.6 L 31.0 26.5 L 32.0 25.8 L 33.1 26.5 L 34.1 25.5 L 35.1 27.8 L 36.2 26.1 L 37.2 29.6 L 38.2 27.6 L 39.3 28.3 L 40.3 29.9 L 41.3 29.9 L 42.4 27.2 L 43.4 29.5 L 44.5 28.9 L 45.5 26.6 L 46.5 26.8 L 47.6 30.2 L 48.6 30.0 L 49.6 30.2 L 50.7 31.0 L 51.7 30.1 L 52.7 29.5 L 53.8 28.9 L 54.8 31.6 L 55.9 29.9 L 56.9 30.3 L 57.9 32.4 L 59.0 32.8 L 60.0 31.3 L 61.0 29.7 L 62.1 31.5 L 63.1 32.3 L 64.1 29.5 L 65.2 32.5 L 66.2 31.3 L 67.3 32.6 L 68.3 32.1 L 69.3 32.0 L 70.4 31.3 L 71.4 30.7 L 72.4 32.9 L 73.5 32.9 L 74.5 32.6 L 75.5 31.4 L 76.6 34.6 L 77.6 31.8 L 78.7 32.8 L 79.7 33.0 L 80.7 33.6 L 81.8 31.6 L 82.8 31.0 L 83.8 32.7 L 84.9 34.5 L 85.9 35.5 L 86.9 32.9 L 88.0 32.2 L 89.0 34.6 L 90.1 32.2 L 91.1 34.3 L 92.1 36.2 L 93.2 34.8 L 94.2 33.4 L 95.2 35.1 L 96.3 34.2 L 97.3 34.8 L 98.3 33.9 L 99.4 35.2 L 100.4 35.4 L 101.5 33.2 L 102.5 31.9 L 103.5 37.0 L 104.6 35.9 L 105.6 34.5 L 106.6 33.9 L 107.7 35.3 L 108.7 32.5 L 109.7 32.8 L 110.8 35.6 L 111.8 35.2 L 112.9 35.7 L 113.9 34.1 L 114.9 34.0 L 116.0 34.5 L 117.0 31.6" fill="none" stroke="#3b82f6" stroke-width="1.5" stroke-linecap="round" stroke-linejoin="round"/>
</svg>');
INSERT INTO public.spectra (id, object_id, grating, fits_path, reduction_version, signal_to_noise, thumbnail_svg_fnu, thumbnail_svg_flambda)
VALUES (19258, 'ember_cosmos_p4_132772', 'G395M', 'spectra/ember_cosmos_p4/ember_cosmos_p4_g395m_f290lp_132772_spec.fits', 'v0.2', 4.41051054000854, '<svg xmlns="http://www.w3.org/2000/svg" viewBox="0 0 120 40" width="120" height="40">
  <path d="M 3.0 15.7 L 4.1 14.3 L 5.3 11.2 L 6.4 11.9 L 7.5 15.7 L 8.6 13.3 L 9.8 16.5 L 10.9 11.7 L 12.0 10.4 L 13.2 13.3 L 14.3 12.7 L 15.4 15.3 L 16.5 13.6 L 17.7 10.4 L 18.8 12.3 L 19.9 15.3 L 21.1 11.6 L 22.2 14.1 L 23.3 11.3 L 24.4 10.8 L 25.6 15.6 L 26.7 12.3 L 27.8 13.0 L 29.0 16.6 L 30.1 10.8 L 31.2 16.3 L 32.3 13.6 L 33.5 16.5 L 34.6 10.4 L 35.7 8.4 L 36.9 15.0 L 38.0 13.4 L 39.1 11.8 L 40.2 13.4 L 41.4 16.4 L 42.5 14.2 L 43.6 17.0 L 44.8 16.4 L 45.9 11.1 L 47.0 12.6 L 48.1 16.0 L 49.3 14.2 L 50.4 13.4 L 51.5 15.6 L 52.7 15.6 L 53.8 11.7 L 54.9 13.8 L 56.0 10.7 L 57.2 19.1 L 58.3 18.1 L 59.4 13.0 L 60.6 16.0 L 61.7 14.7 L 62.8 11.6 L 64.0 12.8 L 65.1 13.6 L 66.2 12.3 L 67.3 16.5 L 68.5 10.8 L 69.6 13.0 L 70.7 16.4 L 71.9 12.6 L 73.0 12.1 L 74.1 15.3 L 75.2 16.7 L 76.4 13.0 L 77.5 18.9 L 78.6 37.0 L 79.8 16.0 L 80.9 14.2 L 82.0 13.0 L 83.1 14.6 L 84.3 13.8 L 85.4 16.2 L 86.5 19.5 L 87.7 11.5 L 88.8 15.5 L 89.9 17.7 L 91.0 13.7 L 92.2 13.7 L 93.3 16.5 L 94.4 17.0 L 95.6 8.4 L 96.7 12.0 L 97.8 16.4 L 98.9 3.0 L 100.1 17.2 L 101.2 8.9 L 102.3 13.7 L 103.5 16.4 L 104.6 15.0 L 105.7 18.2 L 106.8 10.7 L 108.0 18.9 L 109.1 12.6 L 110.2 13.0 L 111.4 13.5 L 112.5 14.6 L 113.6 3.5 L 114.7 16.1 L 115.9 18.2 L 117.0 9.2" fill="none" stroke="#3b82f6" stroke-width="1.5" stroke-linecap="round" stroke-linejoin="round"/>
</svg>', '<svg xmlns="http://www.w3.org/2000/svg" viewBox="0 0 120 40" width="120" height="40">
  <path d="M 3.0 17.2 L 4.1 13.9 L 5.3 7.2 L 6.4 8.7 L 7.5 16.9 L 8.6 11.8 L 9.8 18.4 L 10.9 8.5 L 12.0 5.9 L 13.2 11.9 L 14.3 10.5 L 15.4 15.7 L 16.5 12.5 L 17.7 6.3 L 18.8 10.0 L 19.9 15.5 L 21.1 8.7 L 22.2 13.3 L 23.3 8.3 L 24.4 7.4 L 25.6 16.0 L 26.7 10.2 L 27.8 11.4 L 29.0 17.4 L 30.1 7.7 L 31.2 16.9 L 32.3 12.4 L 33.5 17.1 L 34.6 7.4 L 35.7 4.2 L 36.9 14.6 L 38.0 12.1 L 39.1 9.7 L 40.2 12.1 L 41.4 16.5 L 42.5 13.2 L 43.6 17.3 L 44.8 16.5 L 45.9 8.9 L 47.0 11.1 L 48.1 15.8 L 49.3 13.3 L 50.4 12.1 L 51.5 15.1 L 52.7 15.1 L 53.8 10.0 L 54.9 12.7 L 56.0 8.8 L 57.2 19.4 L 58.3 18.1 L 59.4 11.7 L 60.6 15.4 L 61.7 13.7 L 62.8 10.0 L 64.0 11.5 L 65.1 12.4 L 66.2 11.0 L 67.3 15.8 L 68.5 9.2 L 69.6 11.7 L 70.7 15.6 L 71.9 11.3 L 73.0 10.8 L 74.1 14.3 L 75.2 15.8 L 76.4 11.7 L 77.5 18.0 L 78.6 37.0 L 79.8 14.9 L 80.9 13.0 L 82.0 11.8 L 83.1 13.4 L 84.3 12.6 L 85.4 15.0 L 86.5 18.2 L 87.7 10.4 L 88.8 14.3 L 89.9 16.4 L 91.0 12.5 L 92.2 12.6 L 93.3 15.2 L 94.4 15.5 L 95.6 7.7 L 96.7 11.0 L 97.8 15.0 L 98.9 3.0 L 100.1 15.6 L 101.2 8.3 L 102.3 12.5 L 103.5 14.8 L 104.6 13.6 L 105.7 16.3 L 106.8 10.0 L 108.0 16.9 L 109.1 11.6 L 110.2 11.9 L 111.4 12.3 L 112.5 13.2 L 113.6 4.4 L 114.7 14.4 L 115.9 16.0 L 117.0 9.0" fill="none" stroke="#3b82f6" stroke-width="1.5" stroke-linecap="round" stroke-linejoin="round"/>
</svg>');
INSERT INTO public.spectra (id, object_id, grating, fits_path, reduction_version, signal_to_noise, thumbnail_svg_fnu, thumbnail_svg_flambda)
VALUES (19547, 'ember_cosmos_p4_132772', 'PRISM', 'spectra/ember_cosmos_p4/ember_cosmos_p4_prism_clear_132772_spec.fits', 'v0.2', 4.18296766281128, '<svg xmlns="http://www.w3.org/2000/svg" viewBox="0 0 120 40" width="120" height="40">
  <path d="M 3.0 26.0 L 3.9 28.7 L 4.7 25.2 L 5.6 25.7 L 6.5 30.2 L 7.3 29.0 L 8.2 26.5 L 9.0 27.1 L 9.9 27.5 L 10.8 28.1 L 11.6 30.5 L 12.5 28.8 L 13.4 29.3 L 14.2 28.0 L 15.1 29.2 L 16.0 27.2 L 16.8 29.3 L 17.7 27.4 L 18.5 28.6 L 19.4 27.2 L 20.3 28.0 L 21.1 25.7 L 22.0 28.3 L 22.9 26.5 L 23.7 27.1 L 24.6 24.8 L 25.5 27.5 L 26.3 25.7 L 27.2 25.1 L 28.0 26.1 L 28.9 26.9 L 29.8 25.8 L 30.6 24.9 L 31.5 23.2 L 32.4 22.7 L 33.2 24.8 L 34.1 24.8 L 35.0 24.0 L 35.8 24.4 L 36.7 26.0 L 37.5 26.1 L 38.4 22.5 L 39.3 27.7 L 40.1 24.4 L 41.0 23.3 L 41.9 23.5 L 42.7 27.8 L 43.6 24.7 L 44.5 26.7 L 45.3 26.4 L 46.2 25.5 L 47.0 26.9 L 47.9 21.3 L 48.8 25.0 L 49.6 25.6 L 50.5 27.0 L 51.4 25.3 L 52.2 19.8 L 53.1 27.7 L 54.0 25.1 L 54.8 25.2 L 55.7 25.5 L 56.5 26.6 L 57.4 24.7 L 58.3 20.5 L 59.1 25.9 L 60.0 23.4 L 60.9 24.3 L 61.7 20.3 L 62.6 24.3 L 63.5 23.2 L 64.3 25.1 L 65.2 26.1 L 66.0 33.6 L 66.9 23.2 L 67.8 24.0 L 68.6 22.7 L 69.5 19.7 L 70.4 26.7 L 71.2 18.1 L 72.1 27.7 L 73.0 20.2 L 73.8 23.0 L 74.7 19.9 L 75.5 22.6 L 76.4 23.0 L 77.3 30.2 L 78.1 25.1 L 79.0 26.4 L 79.9 31.3 L 80.7 27.3 L 81.6 23.9 L 82.5 34.7 L 83.3 26.7 L 84.2 29.5 L 85.0 21.5 L 85.9 18.8 L 86.8 24.5 L 87.6 23.5 L 88.5 27.0 L 89.4 23.0 L 90.2 25.7 L 91.1 16.8 L 92.0 25.8 L 92.8 22.2 L 93.7 26.8 L 94.5 19.2 L 95.4 28.5 L 96.3 28.7 L 97.1 30.9 L 98.0 22.7 L 98.9 24.5 L 99.7 24.7 L 100.6 18.5 L 101.5 28.1 L 102.3 27.0 L 103.2 22.5 L 104.0 25.1 L 104.9 26.7 L 105.8 22.6 L 106.6 32.1 L 107.5 30.9 L 108.4 33.0 L 109.2 3.0 L 110.1 22.2 L 111.0 20.6 L 111.8 21.7 L 112.7 20.1 L 113.5 24.1 L 114.4 32.3 L 115.3 37.0 L 116.1 11.9 L 117.0 35.7" fill="none" stroke="#3b82f6" stroke-width="1.5" stroke-linecap="round" stroke-linejoin="round"/>
</svg>', '<svg xmlns="http://www.w3.org/2000/svg" viewBox="0 0 120 40" width="120" height="40">
  <path d="M 3.0 6.9 L 3.9 28.4 L 4.7 3.0 L 5.6 7.5 L 6.5 37.0 L 7.3 29.1 L 8.2 14.5 L 9.0 18.1 L 9.9 20.4 L 10.8 23.7 L 11.6 34.7 L 12.5 27.0 L 13.4 28.5 L 14.2 23.4 L 15.1 27.6 L 16.0 21.0 L 16.8 27.4 L 17.7 22.1 L 18.5 25.1 L 19.4 22.0 L 20.3 23.8 L 21.1 19.7 L 22.0 24.3 L 22.9 21.7 L 23.7 22.7 L 24.6 19.9 L 25.5 23.4 L 26.3 21.5 L 27.2 21.1 L 28.0 22.2 L 28.9 23.1 L 29.8 22.2 L 30.6 21.7 L 31.5 20.6 L 32.4 20.5 L 33.2 22.0 L 34.1 22.1 L 35.0 21.7 L 35.8 22.1 L 36.7 23.0 L 37.5 23.1 L 38.4 21.4 L 39.3 23.9 L 40.1 22.5 L 41.0 22.0 L 41.9 22.2 L 42.7 24.0 L 43.6 22.8 L 44.5 23.6 L 45.3 23.5 L 46.2 23.2 L 47.0 23.7 L 47.9 21.9 L 48.8 23.1 L 49.6 23.3 L 50.5 23.8 L 51.4 23.3 L 52.2 21.7 L 53.1 24.0 L 54.0 23.3 L 54.8 23.3 L 55.7 23.4 L 56.5 23.7 L 57.4 23.3 L 58.3 22.3 L 59.1 23.6 L 60.0 23.0 L 60.9 23.2 L 61.7 22.4 L 62.6 23.3 L 63.5 23.1 L 64.3 23.5 L 65.2 23.7 L 66.0 25.3 L 66.9 23.1 L 67.8 23.3 L 68.6 23.1 L 69.5 22.5 L 70.4 23.9 L 71.2 22.3 L 72.1 24.1 L 73.0 22.7 L 73.8 23.2 L 74.7 22.7 L 75.5 23.2 L 76.4 23.3 L 77.3 24.5 L 78.1 23.6 L 79.0 23.9 L 79.9 24.6 L 80.7 24.0 L 81.6 23.5 L 82.5 25.1 L 83.3 23.9 L 84.2 24.3 L 85.0 23.2 L 85.9 22.8 L 86.8 23.6 L 87.6 23.5 L 88.5 24.0 L 89.4 23.4 L 90.2 23.8 L 91.1 22.6 L 92.0 23.8 L 92.8 23.4 L 93.7 24.0 L 94.5 23.0 L 95.4 24.2 L 96.3 24.2 L 97.1 24.5 L 98.0 23.5 L 98.9 23.7 L 99.7 23.7 L 100.6 23.0 L 101.5 24.1 L 102.3 24.0 L 103.2 23.5 L 104.0 23.8 L 104.9 24.0 L 105.8 23.5 L 106.6 24.6 L 107.5 24.4 L 108.4 24.7 L 109.2 21.4 L 110.1 23.5 L 111.0 23.3 L 111.8 23.5 L 112.7 23.3 L 113.5 23.7 L 114.4 24.6 L 115.3 25.0 L 116.1 22.5 L 117.0 24.9" fill="none" stroke="#3b82f6" stroke-width="1.5" stroke-linecap="round" stroke-linejoin="round"/>
</svg>');
INSERT INTO public.spectra (id, object_id, grating, fits_path, reduction_version, signal_to_noise, thumbnail_svg_fnu, thumbnail_svg_flambda)
VALUES (17666, 'ember_cosmos_p5_830695', 'G395M', 'spectra/ember_cosmos_p5/ember_cosmos_p5_g395m_f290lp_830695_spec.fits', 'v0.2', 19.6485118865967, '<svg xmlns="http://www.w3.org/2000/svg" viewBox="0 0 120 40" width="120" height="40">
  <path d="M 3.0 25.7 L 4.1 23.2 L 5.3 28.0 L 6.4 24.1 L 7.5 20.8 L 8.6 24.0 L 9.8 23.2 L 10.9 22.5 L 12.0 26.6 L 13.2 26.6 L 14.3 22.9 L 15.4 27.1 L 16.5 23.8 L 17.7 28.5 L 18.8 23.4 L 19.9 25.3 L 21.1 21.9 L 22.2 27.5 L 23.3 24.4 L 24.4 25.9 L 25.6 27.9 L 26.7 25.6 L 27.8 29.3 L 29.0 25.9 L 30.1 24.4 L 31.2 25.4 L 32.3 25.4 L 33.5 25.5 L 34.6 23.8 L 35.7 26.4 L 36.9 24.8 L 38.0 25.6 L 39.1 23.4 L 40.2 26.5 L 41.4 26.2 L 42.5 24.6 L 43.6 25.3 L 44.8 23.7 L 45.9 24.6 L 47.0 21.5 L 48.1 21.9 L 49.3 23.9 L 50.4 25.0 L 51.5 22.2 L 52.7 23.1 L 53.8 23.0 L 54.9 25.2 L 56.0 21.3 L 57.2 24.2 L 58.3 24.6 L 59.4 24.1 L 60.6 21.7 L 61.7 15.7 L 62.8 21.5 L 64.0 26.5 L 65.1 22.9 L 66.2 25.9 L 67.3 27.6 L 68.5 24.1 L 69.6 23.1 L 70.7 13.3 L 71.9 19.3 L 73.0 22.0 L 74.1 22.2 L 75.2 28.7 L 76.4 30.9 L 77.5 23.9 L 78.6 26.9 L 79.8 23.2 L 80.9 33.7 L 82.0 26.2 L 83.1 18.8 L 84.3 24.9 L 85.4 14.4 L 86.5 29.3 L 87.7 23.5 L 88.8 29.1 L 89.9 23.9 L 91.0 22.0 L 92.2 29.2 L 93.3 24.3 L 94.4 22.5 L 95.6 23.2 L 96.7 24.2 L 97.8 20.5 L 98.9 22.3 L 100.1 19.2 L 101.2 29.5 L 102.3 30.3 L 103.5 22.9 L 104.6 23.9 L 105.7 16.5 L 106.8 29.1 L 108.0 21.9 L 109.1 22.1 L 110.2 37.0 L 111.4 25.8 L 112.5 18.1 L 113.6 17.5 L 114.7 21.9 L 115.9 18.8 L 117.0 3.0" fill="none" stroke="#3b82f6" stroke-width="1.5" stroke-linecap="round" stroke-linejoin="round"/>
</svg>', '<svg xmlns="http://www.w3.org/2000/svg" viewBox="0 0 120 40" width="120" height="40">
  <path d="M 3.0 14.9 L 4.1 8.1 L 5.3 21.5 L 6.4 11.3 L 7.5 3.0 L 8.6 11.8 L 9.8 9.9 L 10.9 8.5 L 12.0 19.0 L 13.2 19.3 L 14.3 10.6 L 15.4 21.0 L 16.5 13.3 L 17.7 24.3 L 18.8 13.0 L 19.9 17.4 L 21.1 10.2 L 22.2 22.7 L 23.3 16.2 L 24.4 19.5 L 25.6 24.0 L 26.7 19.3 L 27.8 27.0 L 29.0 20.4 L 30.1 17.5 L 31.2 19.6 L 32.3 19.9 L 33.5 20.2 L 34.6 17.2 L 35.7 22.1 L 36.9 19.4 L 38.0 21.0 L 39.1 17.2 L 40.2 22.9 L 41.4 22.5 L 42.5 19.8 L 43.6 21.2 L 44.8 18.6 L 45.9 20.4 L 47.0 15.4 L 48.1 16.3 L 49.3 19.7 L 50.4 21.5 L 51.5 17.3 L 52.7 18.9 L 53.8 18.9 L 54.9 22.3 L 56.0 16.7 L 57.2 21.0 L 58.3 21.8 L 59.4 21.2 L 60.6 17.9 L 61.7 9.8 L 62.8 18.0 L 64.0 25.0 L 65.1 20.2 L 66.2 24.3 L 67.3 26.7 L 68.5 22.2 L 69.6 21.1 L 70.7 8.6 L 71.9 16.4 L 73.0 20.0 L 74.1 20.3 L 75.2 28.5 L 76.4 31.1 L 77.5 22.8 L 78.6 26.4 L 79.8 22.2 L 80.9 34.5 L 82.0 25.8 L 83.1 17.5 L 84.3 24.5 L 85.4 12.9 L 86.5 29.6 L 87.7 23.3 L 88.8 29.3 L 89.9 23.8 L 91.0 21.9 L 92.2 29.6 L 93.3 24.5 L 94.4 22.7 L 95.6 23.6 L 96.7 24.6 L 97.8 21.0 L 98.9 22.9 L 100.1 19.9 L 101.2 30.1 L 102.3 30.8 L 103.5 23.8 L 104.6 24.9 L 105.7 18.0 L 106.8 29.8 L 108.0 23.2 L 109.1 23.5 L 110.2 37.0 L 111.4 26.9 L 112.5 20.2 L 113.6 19.8 L 114.7 23.7 L 115.9 21.1 L 117.0 7.6" fill="none" stroke="#3b82f6" stroke-width="1.5" stroke-linecap="round" stroke-linejoin="round"/>
</svg>');
INSERT INTO public.spectra (id, object_id, grating, fits_path, reduction_version, signal_to_noise, thumbnail_svg_fnu, thumbnail_svg_flambda)
VALUES (385, 'ember_uds_p4_124239', 'G395M', 'spectra/ember_uds_p4/ember_uds_p4_g395m_f290lp_124239_spec.fits', 'v0.2', 9.14861583709717, '<svg xmlns="http://www.w3.org/2000/svg" viewBox="0 0 120 40" width="120" height="40">
  <path d="M 3.0 3.7 L 4.1 11.8 L 5.2 16.0 L 6.2 17.6 L 7.3 19.0 L 8.4 18.3 L 9.5 21.5 L 10.5 16.0 L 11.6 16.9 L 12.7 18.8 L 13.8 20.9 L 14.8 20.4 L 15.9 20.8 L 17.0 20.1 L 18.1 18.0 L 19.1 19.8 L 20.2 20.6 L 21.3 20.8 L 22.4 19.2 L 23.4 16.5 L 24.5 21.7 L 25.6 19.9 L 26.7 17.3 L 27.7 18.6 L 28.8 16.5 L 29.9 17.5 L 31.0 19.4 L 32.0 17.9 L 33.1 26.0 L 34.2 19.9 L 35.3 18.5 L 36.3 12.7 L 37.4 16.8 L 38.5 18.4 L 39.6 15.8 L 40.6 18.7 L 41.7 22.3 L 42.8 22.3 L 43.9 20.7 L 44.9 20.7 L 46.0 18.7 L 47.1 15.2 L 48.2 18.1 L 49.2 17.1 L 50.3 19.2 L 51.4 14.2 L 52.5 15.2 L 53.5 19.4 L 54.6 19.3 L 55.7 15.8 L 56.8 17.8 L 57.8 16.6 L 58.9 15.6 L 60.0 20.2 L 61.1 25.1 L 62.2 18.1 L 63.2 26.5 L 64.3 17.2 L 65.4 17.4 L 66.5 14.1 L 67.5 12.1 L 68.6 17.9 L 69.7 19.9 L 70.8 12.6 L 71.8 17.6 L 72.9 21.3 L 74.0 16.6 L 75.1 21.4 L 76.1 15.3 L 77.2 22.4 L 78.3 15.4 L 79.4 20.8 L 80.4 24.4 L 81.5 26.6 L 82.6 9.8 L 83.7 24.4 L 84.7 20.6 L 85.8 15.0 L 86.9 13.1 L 88.0 19.3 L 89.0 17.5 L 90.1 15.7 L 91.2 20.0 L 92.3 14.8 L 93.3 11.7 L 94.4 8.5 L 95.5 16.7 L 96.6 21.8 L 97.6 17.6 L 98.7 22.6 L 99.8 7.4 L 100.9 11.3 L 101.9 23.3 L 103.0 28.3 L 104.1 12.6 L 105.2 17.1 L 106.2 3.0 L 107.3 8.6 L 108.4 10.7 L 109.5 31.7 L 110.5 21.2 L 111.6 16.3 L 112.7 13.2 L 113.8 7.1 L 114.8 14.8 L 115.9 16.2 L 117.0 37.0" fill="none" stroke="#3b82f6" stroke-width="1.5" stroke-linecap="round" stroke-linejoin="round"/>
</svg>', '<svg xmlns="http://www.w3.org/2000/svg" viewBox="0 0 120 40" width="120" height="40">
  <path d="M 3.0 3.0 L 4.1 16.0 L 5.2 22.6 L 6.2 25.2 L 7.3 27.2 L 8.4 26.2 L 9.5 30.9 L 10.5 22.9 L 11.6 24.3 L 12.7 27.0 L 13.8 29.9 L 14.8 29.2 L 15.9 29.7 L 17.0 28.8 L 18.1 26.0 L 19.1 28.3 L 20.2 29.4 L 21.3 29.7 L 22.4 27.7 L 23.4 24.3 L 24.5 30.6 L 25.6 28.5 L 26.7 25.4 L 27.7 26.9 L 28.8 24.6 L 29.9 25.8 L 31.0 27.9 L 32.0 26.3 L 33.1 35.1 L 34.2 28.5 L 35.3 27.0 L 36.3 20.9 L 37.4 25.2 L 38.5 26.9 L 39.6 24.3 L 40.6 27.3 L 41.7 30.8 L 42.8 30.8 L 43.9 29.2 L 44.9 29.2 L 46.0 27.3 L 47.1 24.0 L 48.2 26.8 L 49.2 25.9 L 50.3 27.8 L 51.4 23.3 L 52.5 24.3 L 53.5 28.0 L 54.6 27.9 L 55.7 24.9 L 56.8 26.6 L 57.8 25.7 L 58.9 24.8 L 60.0 28.6 L 61.1 32.6 L 62.2 27.0 L 63.2 33.7 L 64.3 26.3 L 65.4 26.4 L 66.5 23.9 L 67.5 22.4 L 68.6 26.9 L 69.7 28.3 L 70.8 22.9 L 71.8 26.7 L 72.9 29.4 L 74.0 26.0 L 75.1 29.4 L 76.1 25.1 L 77.2 30.1 L 78.3 25.3 L 79.4 29.0 L 80.4 31.4 L 81.5 32.9 L 82.6 21.6 L 83.7 31.3 L 84.7 28.8 L 85.8 25.1 L 86.9 24.0 L 88.0 28.0 L 89.0 26.8 L 90.1 25.7 L 91.2 28.4 L 92.3 25.2 L 93.3 23.3 L 94.4 21.5 L 95.5 26.5 L 96.6 29.5 L 97.6 27.0 L 98.7 29.9 L 99.8 21.1 L 100.9 23.4 L 101.9 30.2 L 103.0 33.1 L 104.1 24.3 L 105.2 26.8 L 106.2 19.1 L 107.3 22.2 L 108.4 23.4 L 109.5 34.7 L 110.5 29.0 L 111.6 26.4 L 112.7 24.8 L 113.8 21.7 L 114.8 25.7 L 115.9 26.4 L 117.0 37.0" fill="none" stroke="#3b82f6" stroke-width="1.5" stroke-linecap="round" stroke-linejoin="round"/>
</svg>');
INSERT INTO public.spectra (id, object_id, grating, fits_path, reduction_version, signal_to_noise, thumbnail_svg_fnu, thumbnail_svg_flambda)
VALUES (657, 'ember_uds_p4_124239', 'PRISM', 'spectra/ember_uds_p4/ember_uds_p4_prism_clear_124239_spec.fits', 'v0.2', 25.3146953582764, '<svg xmlns="http://www.w3.org/2000/svg" viewBox="0 0 120 40" width="120" height="40">
  <path d="M 3.0 37.0 L 4.1 36.3 L 5.3 36.5 L 6.4 36.5 L 7.5 36.5 L 8.6 36.6 L 9.8 36.8 L 10.9 36.9 L 12.0 36.5 L 13.2 36.8 L 14.3 36.5 L 15.4 36.6 L 16.5 36.5 L 17.7 36.6 L 18.8 36.5 L 19.9 36.2 L 21.1 36.3 L 22.2 36.2 L 23.3 36.2 L 24.4 36.5 L 25.6 36.2 L 26.7 36.4 L 27.8 36.6 L 29.0 36.6 L 30.1 36.5 L 31.2 36.3 L 32.3 36.2 L 33.5 36.3 L 34.6 36.1 L 35.7 36.5 L 36.9 36.2 L 38.0 36.2 L 39.1 36.4 L 40.2 36.4 L 41.4 36.6 L 42.5 36.4 L 43.6 36.3 L 44.8 36.3 L 45.9 36.3 L 47.0 36.4 L 48.1 36.3 L 49.3 36.3 L 50.4 35.9 L 51.5 36.3 L 52.7 36.4 L 53.8 35.9 L 54.9 36.1 L 56.0 36.0 L 57.2 36.2 L 58.3 36.5 L 59.4 36.1 L 60.6 35.5 L 61.7 36.1 L 62.8 36.1 L 64.0 36.0 L 65.1 36.1 L 66.2 35.7 L 67.3 36.1 L 68.5 36.0 L 69.6 35.8 L 70.7 36.1 L 71.9 35.5 L 73.0 35.6 L 74.1 36.2 L 75.2 35.7 L 76.4 35.4 L 77.5 35.5 L 78.6 35.5 L 79.8 36.0 L 80.9 36.1 L 82.0 35.4 L 83.1 35.5 L 84.3 34.9 L 85.4 35.5 L 86.5 35.2 L 87.7 35.8 L 88.8 34.2 L 89.9 35.5 L 91.0 35.1 L 92.2 35.6 L 93.3 35.9 L 94.4 35.8 L 95.6 36.0 L 96.7 36.7 L 97.8 35.0 L 98.9 35.8 L 100.1 35.7 L 101.2 34.9 L 102.3 35.4 L 103.5 35.7 L 104.6 35.0 L 105.7 35.5 L 106.8 35.4 L 108.0 34.7 L 109.1 35.0 L 110.2 34.9 L 111.4 35.6 L 112.5 35.1 L 113.6 33.8 L 114.7 34.4 L 115.9 3.0 L 117.0 4.3" fill="none" stroke="#3b82f6" stroke-width="1.5" stroke-linecap="round" stroke-linejoin="round"/>
</svg>', '<svg xmlns="http://www.w3.org/2000/svg" viewBox="0 0 120 40" width="120" height="40">
  <path d="M 3.0 37.0 L 4.1 8.2 L 5.3 15.8 L 6.4 17.2 L 7.5 19.0 L 8.6 19.4 L 9.8 24.8 L 10.9 26.9 L 12.0 18.7 L 13.2 23.8 L 14.3 18.4 L 15.4 19.9 L 16.5 18.8 L 17.7 20.7 L 18.8 19.2 L 19.9 16.6 L 21.1 18.0 L 22.2 17.4 L 23.3 17.6 L 24.4 19.8 L 25.6 18.0 L 26.7 19.4 L 27.8 20.4 L 29.0 20.2 L 30.1 19.9 L 31.2 19.1 L 32.3 18.8 L 33.5 19.3 L 34.6 18.9 L 35.7 20.0 L 36.9 19.4 L 38.0 19.3 L 39.1 19.9 L 40.2 19.8 L 41.4 20.3 L 42.5 20.0 L 43.6 19.8 L 44.8 19.8 L 45.9 19.8 L 47.0 20.0 L 48.1 19.8 L 49.3 19.9 L 50.4 19.3 L 51.5 19.9 L 52.7 20.0 L 53.8 19.4 L 54.9 19.6 L 56.0 19.6 L 57.2 19.9 L 58.3 20.2 L 59.4 19.7 L 60.6 19.0 L 61.7 19.8 L 62.8 19.8 L 64.0 19.7 L 65.1 19.8 L 66.2 19.4 L 67.3 19.9 L 68.5 19.7 L 69.6 19.6 L 70.7 19.8 L 71.9 19.3 L 73.0 19.4 L 74.1 20.0 L 75.2 19.6 L 76.4 19.3 L 77.5 19.4 L 78.6 19.4 L 79.8 19.8 L 80.9 19.9 L 82.0 19.4 L 83.1 19.4 L 84.3 19.0 L 85.4 19.5 L 86.5 19.3 L 87.7 19.8 L 88.8 18.6 L 89.9 19.6 L 91.0 19.3 L 92.2 19.6 L 93.3 19.9 L 94.4 19.8 L 95.6 20.0 L 96.7 20.4 L 97.8 19.3 L 98.9 19.8 L 100.1 19.8 L 101.2 19.3 L 102.3 19.6 L 103.5 19.8 L 104.6 19.4 L 105.7 19.7 L 106.8 19.7 L 108.0 19.3 L 109.1 19.5 L 110.2 19.4 L 111.4 19.8 L 112.5 19.5 L 113.6 18.8 L 114.7 19.2 L 115.9 3.0 L 117.0 3.7" fill="none" stroke="#3b82f6" stroke-width="1.5" stroke-linecap="round" stroke-linejoin="round"/>
</svg>');
INSERT INTO public.spectra (id, object_id, grating, fits_path, reduction_version, signal_to_noise, thumbnail_svg_fnu, thumbnail_svg_flambda)
VALUES (795, 'ember_uds_p4_5845', 'PRISM', 'spectra/ember_uds_p4/ember_uds_p4_prism_clear_5845_spec.fits', 'v0.2', 104.033020019531, '<svg xmlns="http://www.w3.org/2000/svg" viewBox="0 0 120 40" width="120" height="40">
  <path d="M 3.0 36.5 L 3.9 36.8 L 4.7 37.0 L 5.6 36.7 L 6.5 36.7 L 7.3 36.7 L 8.2 36.9 L 9.0 36.8 L 9.9 36.8 L 10.8 36.7 L 11.6 36.9 L 12.5 36.7 L 13.4 35.6 L 14.2 36.0 L 15.1 36.2 L 16.0 36.2 L 16.8 36.1 L 17.7 36.1 L 18.5 35.9 L 19.4 36.1 L 20.3 36.3 L 21.1 36.2 L 22.0 36.2 L 22.9 36.1 L 23.7 36.3 L 24.6 36.4 L 25.5 36.3 L 26.3 36.2 L 27.2 36.1 L 28.0 36.2 L 28.9 36.3 L 29.8 36.3 L 30.6 36.0 L 31.5 36.1 L 32.4 36.2 L 33.2 36.1 L 34.1 36.2 L 35.0 36.1 L 35.8 36.2 L 36.7 36.1 L 37.5 36.1 L 38.4 36.0 L 39.3 36.0 L 40.1 36.1 L 41.0 36.0 L 41.9 36.2 L 42.7 35.5 L 43.6 36.1 L 44.5 34.4 L 45.3 36.3 L 46.2 35.8 L 47.0 36.1 L 47.9 35.1 L 48.8 36.4 L 49.6 36.0 L 50.5 35.9 L 51.4 33.6 L 52.2 35.9 L 53.1 35.9 L 54.0 35.9 L 54.8 36.1 L 55.7 36.0 L 56.5 35.8 L 57.4 35.4 L 58.3 36.0 L 59.1 35.3 L 60.0 31.3 L 60.9 35.5 L 61.7 28.6 L 62.6 19.2 L 63.5 35.2 L 64.3 35.6 L 65.2 35.7 L 66.0 35.6 L 66.9 35.8 L 67.8 35.4 L 68.6 35.4 L 69.5 35.6 L 70.4 35.2 L 71.2 35.1 L 72.1 35.1 L 73.0 35.2 L 73.8 35.2 L 74.7 35.3 L 75.5 35.2 L 76.4 34.9 L 77.3 35.3 L 78.1 35.3 L 79.0 33.0 L 79.9 34.9 L 80.7 35.0 L 81.6 35.0 L 82.5 35.1 L 83.3 35.1 L 84.2 35.4 L 85.0 35.1 L 85.9 35.3 L 86.8 34.8 L 87.6 34.7 L 88.5 34.7 L 89.4 35.1 L 90.2 35.1 L 91.1 34.6 L 92.0 34.1 L 92.8 31.8 L 93.7 3.0 L 94.5 8.7 L 95.4 32.2 L 96.3 34.3 L 97.1 33.9 L 98.0 34.7 L 98.9 34.5 L 99.7 34.7 L 100.6 34.2 L 101.5 34.7 L 102.3 34.5 L 103.2 34.2 L 104.0 34.5 L 104.9 34.5 L 105.8 34.0 L 106.6 32.7 L 107.5 34.8 L 108.4 34.7 L 109.2 33.7 L 110.1 34.6 L 111.0 33.7 L 111.8 34.8 L 112.7 34.8 L 113.5 34.8 L 114.4 34.7 L 115.3 33.6 L 116.1 34.8 L 117.0 33.8" fill="none" stroke="#3b82f6" stroke-width="1.5" stroke-linecap="round" stroke-linejoin="round"/>
</svg>', '<svg xmlns="http://www.w3.org/2000/svg" viewBox="0 0 120 40" width="120" height="40">
  <path d="M 3.0 15.3 L 3.9 30.8 L 4.7 37.0 L 5.6 26.7 L 6.5 25.9 L 7.3 25.4 L 8.2 33.4 L 9.0 29.6 L 9.9 27.7 L 10.8 25.6 L 11.6 30.6 L 12.5 28.1 L 13.4 3.0 L 14.2 13.3 L 15.1 17.4 L 16.0 18.5 L 16.8 18.1 L 17.7 18.9 L 18.5 17.4 L 19.4 21.3 L 20.3 24.7 L 21.1 23.9 L 22.0 23.9 L 22.9 24.1 L 23.7 25.6 L 24.6 26.8 L 25.5 26.7 L 26.3 26.6 L 27.2 26.2 L 28.0 26.9 L 28.9 27.5 L 29.8 27.8 L 30.6 26.7 L 31.5 26.9 L 32.4 27.5 L 33.2 27.5 L 34.1 28.0 L 35.0 27.7 L 35.8 28.1 L 36.7 28.0 L 37.5 28.1 L 38.4 27.9 L 39.3 28.0 L 40.1 28.2 L 41.0 28.0 L 41.9 28.6 L 42.7 27.1 L 43.6 28.6 L 44.5 25.0 L 45.3 29.1 L 46.2 28.0 L 47.0 28.6 L 47.9 26.9 L 48.8 29.3 L 49.6 28.7 L 50.5 28.6 L 51.4 24.6 L 52.2 28.5 L 53.1 28.7 L 54.0 28.7 L 54.8 29.0 L 55.7 28.9 L 56.5 28.6 L 57.4 28.1 L 58.3 29.0 L 59.1 28.1 L 60.0 22.6 L 60.9 28.4 L 61.7 19.3 L 62.6 7.4 L 63.5 28.2 L 64.3 28.6 L 65.2 28.8 L 66.0 28.8 L 66.9 29.0 L 67.8 28.6 L 68.6 28.6 L 69.5 28.8 L 70.4 28.4 L 71.2 28.3 L 72.1 28.3 L 73.0 28.5 L 73.8 28.5 L 74.7 28.6 L 75.5 28.6 L 76.4 28.3 L 77.3 28.7 L 78.1 28.7 L 79.0 26.6 L 79.9 28.4 L 80.7 28.5 L 81.6 28.6 L 82.5 28.7 L 83.3 28.7 L 84.2 29.0 L 85.0 28.7 L 85.9 28.9 L 86.8 28.5 L 87.6 28.4 L 88.5 28.4 L 89.4 28.8 L 90.2 28.8 L 91.1 28.4 L 92.0 28.1 L 92.8 26.3 L 93.7 4.4 L 94.5 9.0 L 95.4 26.7 L 96.3 28.3 L 97.1 28.1 L 98.0 28.7 L 98.9 28.6 L 99.7 28.7 L 100.6 28.4 L 101.5 28.7 L 102.3 28.6 L 103.2 28.4 L 104.0 28.6 L 104.9 28.6 L 105.8 28.3 L 106.6 27.5 L 107.5 28.9 L 108.4 28.8 L 109.2 28.2 L 110.1 28.8 L 111.0 28.3 L 111.8 28.9 L 112.7 28.9 L 113.5 28.9 L 114.4 28.9 L 115.3 28.3 L 116.1 29.0 L 117.0 28.4" fill="none" stroke="#3b82f6" stroke-width="1.5" stroke-linecap="round" stroke-linejoin="round"/>
</svg>');
INSERT INTO public.spectra (id, object_id, grating, fits_path, reduction_version, signal_to_noise, thumbnail_svg_fnu, thumbnail_svg_flambda)
VALUES (585, 'ember_uds_p4_5845', 'G395M', 'spectra/ember_uds_p4/ember_uds_p4_g395m_f290lp_5845_spec.fits', 'v0.2', 78.4319915771484, '<svg xmlns="http://www.w3.org/2000/svg" viewBox="0 0 120 40" width="120" height="40">
  <path d="M 3.0 35.8 L 4.1 35.5 L 5.2 35.2 L 6.2 35.8 L 7.3 36.0 L 8.4 35.2 L 9.5 35.5 L 10.5 35.2 L 11.6 35.7 L 12.7 35.2 L 13.8 35.5 L 14.8 35.1 L 15.9 35.6 L 17.0 35.2 L 18.1 35.5 L 19.1 35.2 L 20.2 27.0 L 21.3 34.4 L 22.4 34.8 L 23.4 34.8 L 24.5 35.1 L 25.6 27.8 L 26.7 35.5 L 27.7 35.1 L 28.8 34.9 L 29.9 35.5 L 31.0 35.5 L 32.0 35.6 L 33.1 34.7 L 34.2 35.7 L 35.3 35.2 L 36.3 35.5 L 37.4 34.9 L 38.5 35.7 L 39.6 35.3 L 40.6 35.6 L 41.7 35.1 L 42.8 35.8 L 43.9 34.9 L 44.9 35.1 L 46.0 35.1 L 47.1 34.9 L 48.2 35.5 L 49.2 35.2 L 50.3 34.7 L 51.4 34.2 L 52.5 35.4 L 53.5 35.7 L 54.6 35.1 L 55.7 35.0 L 56.8 34.6 L 57.8 34.8 L 58.9 35.0 L 60.0 35.1 L 61.1 34.8 L 62.2 35.4 L 63.2 35.1 L 64.3 35.2 L 65.4 35.8 L 66.5 35.9 L 67.5 35.2 L 68.6 35.7 L 69.7 35.0 L 70.8 34.9 L 71.8 35.4 L 72.9 35.4 L 74.0 34.4 L 75.1 35.6 L 76.1 36.0 L 77.2 34.9 L 78.3 33.6 L 79.4 35.6 L 80.4 34.9 L 81.5 34.9 L 82.6 34.1 L 83.7 35.1 L 84.7 31.8 L 85.8 3.0 L 86.9 28.9 L 88.0 33.7 L 89.0 33.6 L 90.1 35.1 L 91.2 35.9 L 92.3 35.3 L 93.3 34.4 L 94.4 35.8 L 95.5 34.8 L 96.6 35.9 L 97.6 33.8 L 98.7 34.0 L 99.8 34.3 L 100.9 33.8 L 101.9 35.2 L 103.0 33.4 L 104.1 35.5 L 105.2 34.2 L 106.2 35.0 L 107.3 33.3 L 108.4 37.0 L 109.5 34.2 L 110.5 33.4 L 111.6 35.1 L 112.7 35.9 L 113.8 35.1 L 114.8 35.2 L 115.9 36.4 L 117.0 33.8" fill="none" stroke="#3b82f6" stroke-width="1.5" stroke-linecap="round" stroke-linejoin="round"/>
</svg>', '<svg xmlns="http://www.w3.org/2000/svg" viewBox="0 0 120 40" width="120" height="40">
  <path d="M 3.0 36.1 L 4.1 35.4 L 5.2 34.7 L 6.2 36.0 L 7.3 36.4 L 8.4 34.7 L 9.5 35.3 L 10.5 34.8 L 11.6 35.8 L 12.7 34.9 L 13.8 35.4 L 14.8 34.6 L 15.9 35.6 L 17.0 34.8 L 18.1 35.4 L 19.1 34.8 L 20.2 20.0 L 21.3 33.5 L 22.4 34.2 L 23.4 34.3 L 24.5 34.8 L 25.6 22.1 L 26.7 35.5 L 27.7 34.8 L 28.8 34.5 L 29.9 35.6 L 31.0 35.5 L 32.0 35.7 L 33.1 34.3 L 34.2 35.9 L 35.3 35.0 L 36.3 35.6 L 37.4 34.6 L 38.5 35.9 L 39.6 35.3 L 40.6 35.7 L 41.7 35.0 L 42.8 36.0 L 43.9 34.7 L 44.9 35.1 L 46.0 35.1 L 47.1 34.7 L 48.2 35.6 L 49.2 35.1 L 50.3 34.5 L 51.4 33.9 L 52.5 35.4 L 53.5 35.9 L 54.6 35.1 L 55.7 35.0 L 56.8 34.4 L 57.8 34.8 L 58.9 35.0 L 60.0 35.1 L 61.1 34.7 L 62.2 35.5 L 63.2 35.1 L 64.3 35.3 L 65.4 36.0 L 66.5 36.1 L 67.5 35.3 L 68.6 35.9 L 69.7 35.0 L 70.8 34.9 L 71.8 35.5 L 72.9 35.6 L 74.0 34.4 L 75.1 35.7 L 76.1 36.2 L 77.2 35.0 L 78.3 33.7 L 79.4 35.8 L 80.4 35.1 L 81.5 35.1 L 82.6 34.2 L 83.7 35.2 L 84.7 32.0 L 85.8 3.0 L 86.9 29.1 L 88.0 33.9 L 89.0 33.8 L 90.1 35.4 L 91.2 36.1 L 92.3 35.5 L 93.3 34.6 L 94.4 36.0 L 95.5 35.1 L 96.6 36.1 L 97.6 34.1 L 98.7 34.3 L 99.8 34.6 L 100.9 34.1 L 101.9 35.4 L 103.0 33.9 L 104.1 35.7 L 105.2 34.6 L 106.2 35.3 L 107.3 33.9 L 108.4 37.0 L 109.5 34.6 L 110.5 34.0 L 111.6 35.4 L 112.7 36.1 L 113.8 35.4 L 114.8 35.5 L 115.9 36.4 L 117.0 34.3" fill="none" stroke="#3b82f6" stroke-width="1.5" stroke-linecap="round" stroke-linejoin="round"/>
</svg>');
INSERT INTO public.spectra (id, object_id, grating, fits_path, reduction_version, signal_to_noise, thumbnail_svg_fnu, thumbnail_svg_flambda)
VALUES (816, 'mom_uds_p1_124252', 'PRISM', 'spectra/mom_uds_p1/mom_uds_p1_prism_clear_124252_spec.fits', 'v0.2', 13.4890146255493, '<svg xmlns="http://www.w3.org/2000/svg" viewBox="0 0 120 40" width="120" height="40">
  <path d="M 3.0 32.9 L 4.1 33.8 L 5.3 36.8 L 6.4 36.8 L 7.5 36.0 L 8.6 36.1 L 9.8 35.8 L 10.9 34.8 L 12.0 34.0 L 13.2 36.0 L 14.3 35.0 L 15.4 34.7 L 16.5 31.9 L 17.7 31.0 L 18.8 29.3 L 19.9 29.6 L 21.1 28.5 L 22.2 28.5 L 23.3 28.4 L 24.4 28.8 L 25.6 27.1 L 26.7 25.0 L 27.8 28.2 L 29.0 24.8 L 30.1 27.1 L 31.2 25.3 L 32.3 25.2 L 33.5 27.6 L 34.6 25.9 L 35.7 25.0 L 36.9 26.2 L 38.0 22.0 L 39.1 24.0 L 40.2 25.6 L 41.4 23.0 L 42.5 22.9 L 43.6 25.5 L 44.8 24.7 L 45.9 25.0 L 47.0 21.5 L 48.1 22.0 L 49.3 21.5 L 50.4 21.0 L 51.5 24.5 L 52.7 23.7 L 53.8 24.2 L 54.9 21.3 L 56.0 24.5 L 57.2 22.8 L 58.3 21.4 L 59.4 17.5 L 60.6 24.0 L 61.7 20.0 L 62.8 23.1 L 64.0 23.4 L 65.1 22.7 L 66.2 23.4 L 67.3 19.3 L 68.5 19.5 L 69.6 16.8 L 70.7 20.4 L 71.9 17.6 L 73.0 23.0 L 74.1 18.8 L 75.2 24.4 L 76.4 22.7 L 77.5 16.8 L 78.6 21.3 L 79.8 24.1 L 80.9 21.4 L 82.0 24.4 L 83.1 19.2 L 84.3 19.6 L 85.4 24.3 L 86.5 19.6 L 87.7 30.1 L 88.8 31.6 L 89.9 26.7 L 91.0 25.6 L 92.2 22.4 L 93.3 23.7 L 94.4 18.5 L 95.6 17.6 L 96.7 17.7 L 97.8 21.4 L 98.9 26.6 L 100.1 28.1 L 101.2 37.0 L 102.3 22.2 L 103.5 32.2 L 104.6 20.5 L 105.7 24.1 L 106.8 30.6 L 108.0 27.4 L 109.1 19.1 L 110.2 24.0 L 111.4 21.2 L 112.5 20.9 L 113.6 3.0 L 114.7 29.6 L 115.9 30.2 L 117.0 32.2" fill="none" stroke="#3b82f6" stroke-width="1.5" stroke-linecap="round" stroke-linejoin="round"/>
</svg>', '<svg xmlns="http://www.w3.org/2000/svg" viewBox="0 0 120 40" width="120" height="40">
  <path d="M 3.0 3.0 L 4.1 10.7 L 5.3 30.6 L 6.4 30.7 L 7.5 27.0 L 8.6 28.1 L 9.8 27.5 L 10.9 24.2 L 12.0 22.4 L 13.2 30.5 L 14.3 28.1 L 15.4 28.3 L 16.5 22.1 L 17.7 21.9 L 18.8 20.2 L 19.9 22.7 L 21.1 22.5 L 22.2 24.2 L 23.3 25.5 L 24.4 27.1 L 25.6 26.5 L 26.7 25.6 L 27.8 29.2 L 29.0 27.3 L 30.1 29.7 L 31.2 29.1 L 32.3 29.7 L 33.5 31.5 L 34.6 31.0 L 35.7 30.9 L 36.9 31.8 L 38.0 30.3 L 39.1 31.4 L 40.2 32.4 L 41.4 31.6 L 42.5 31.8 L 43.6 32.9 L 44.8 32.8 L 45.9 33.1 L 47.0 32.2 L 48.1 32.5 L 49.3 32.6 L 50.4 32.6 L 51.5 33.7 L 52.7 33.6 L 53.8 33.8 L 54.9 33.2 L 56.0 34.1 L 57.2 33.8 L 58.3 33.6 L 59.4 32.9 L 60.6 34.3 L 61.7 33.6 L 62.8 34.2 L 64.0 34.4 L 65.1 34.3 L 66.2 34.5 L 67.3 33.9 L 68.5 33.9 L 69.6 33.6 L 70.7 34.2 L 71.9 33.8 L 73.0 34.8 L 74.1 34.2 L 75.2 35.1 L 76.4 34.9 L 77.5 34.0 L 78.6 34.7 L 79.8 35.2 L 80.9 34.8 L 82.0 35.3 L 83.1 34.6 L 84.3 34.7 L 85.4 35.3 L 86.5 34.8 L 87.7 36.1 L 88.8 36.3 L 89.9 35.8 L 91.0 35.6 L 92.2 35.3 L 93.3 35.5 L 94.4 34.9 L 95.6 34.8 L 96.7 34.9 L 97.8 35.3 L 98.9 35.9 L 100.1 36.1 L 101.2 37.0 L 102.3 35.5 L 103.5 36.5 L 104.6 35.4 L 105.7 35.7 L 106.8 36.4 L 108.0 36.1 L 109.1 35.3 L 110.2 35.8 L 111.4 35.5 L 112.5 35.5 L 113.6 33.9 L 114.7 36.4 L 115.9 36.4 L 117.0 36.6" fill="none" stroke="#3b82f6" stroke-width="1.5" stroke-linecap="round" stroke-linejoin="round"/>
</svg>');
INSERT INTO public.spectra (id, object_id, grating, fits_path, reduction_version, signal_to_noise, thumbnail_svg_fnu, thumbnail_svg_flambda)
VALUES (896, 'mom_uds_p1_145514', 'PRISM', 'spectra/mom_uds_p1/mom_uds_p1_prism_clear_145514_spec.fits', 'v0.2', 18.0987567901611, '<svg xmlns="http://www.w3.org/2000/svg" viewBox="0 0 120 40" width="120" height="40">
  <path d="M 3.0 31.4 L 4.1 22.8 L 5.2 28.9 L 6.3 26.0 L 7.4 28.0 L 8.5 27.6 L 9.6 25.2 L 10.7 25.9 L 11.9 27.9 L 13.0 25.3 L 14.1 25.5 L 15.2 25.0 L 16.3 22.7 L 17.4 26.8 L 18.5 20.9 L 19.6 21.9 L 20.7 22.5 L 21.8 21.5 L 22.9 24.8 L 24.0 22.1 L 25.1 22.8 L 26.2 21.3 L 27.3 22.5 L 28.5 22.3 L 29.6 23.4 L 30.7 22.8 L 31.8 21.9 L 32.9 21.0 L 34.0 21.9 L 35.1 24.0 L 36.2 24.2 L 37.3 20.9 L 38.4 25.0 L 39.5 21.2 L 40.6 23.2 L 41.7 20.0 L 42.8 22.1 L 44.0 21.0 L 45.1 23.6 L 46.2 24.2 L 47.3 25.1 L 48.4 21.3 L 49.5 21.1 L 50.6 23.8 L 51.7 21.3 L 52.8 22.8 L 53.9 23.0 L 55.0 21.0 L 56.1 25.7 L 57.2 23.0 L 58.3 19.8 L 59.4 22.8 L 60.6 23.8 L 61.7 23.0 L 62.8 21.0 L 63.9 21.2 L 65.0 21.7 L 66.1 22.9 L 67.2 24.6 L 68.3 18.2 L 69.4 19.5 L 70.5 21.5 L 71.6 21.3 L 72.7 18.9 L 73.8 24.6 L 74.9 30.0 L 76.0 20.5 L 77.2 23.8 L 78.3 27.3 L 79.4 23.5 L 80.5 25.4 L 81.6 11.3 L 82.7 24.7 L 83.8 15.9 L 84.9 12.5 L 86.0 13.1 L 87.1 23.6 L 88.2 23.0 L 89.3 35.8 L 90.4 16.3 L 91.5 19.0 L 92.7 31.6 L 93.8 28.5 L 94.9 19.1 L 96.0 15.3 L 97.1 33.6 L 98.2 33.5 L 99.3 22.5 L 100.4 10.4 L 101.5 25.7 L 102.6 37.0 L 103.7 10.8 L 104.8 17.2 L 105.9 35.6 L 107.0 20.4 L 108.1 23.4 L 109.3 13.8 L 110.4 36.4 L 111.5 10.6 L 112.6 20.7 L 113.7 28.8 L 114.8 3.6 L 115.9 3.0 L 117.0 18.8" fill="none" stroke="#3b82f6" stroke-width="1.5" stroke-linecap="round" stroke-linejoin="round"/>
</svg>', '<svg xmlns="http://www.w3.org/2000/svg" viewBox="0 0 120 40" width="120" height="40">
  <path d="M 3.0 37.0 L 4.1 3.0 L 5.2 25.6 L 6.3 14.9 L 7.4 21.0 L 8.5 19.3 L 9.6 12.5 L 10.7 14.1 L 11.9 18.6 L 13.0 12.7 L 14.1 13.2 L 15.2 12.3 L 16.3 8.9 L 17.4 15.0 L 18.5 7.5 L 19.6 9.3 L 20.7 10.2 L 21.8 9.7 L 22.9 12.6 L 24.0 10.8 L 25.1 11.5 L 26.2 10.8 L 27.3 11.6 L 28.5 11.7 L 29.6 12.2 L 30.7 12.0 L 31.8 11.8 L 32.9 11.6 L 34.0 12.0 L 35.1 12.6 L 36.2 12.8 L 37.3 11.9 L 38.4 13.0 L 39.5 12.1 L 40.6 12.6 L 41.7 11.9 L 42.8 12.4 L 44.0 12.2 L 45.1 12.7 L 46.2 12.9 L 47.3 13.0 L 48.4 12.4 L 49.5 12.4 L 50.6 12.8 L 51.7 12.5 L 52.8 12.7 L 53.9 12.7 L 55.0 12.5 L 56.1 13.1 L 57.2 12.8 L 58.3 12.4 L 59.4 12.8 L 60.6 12.9 L 61.7 12.8 L 62.8 12.6 L 63.9 12.6 L 65.0 12.7 L 66.1 12.8 L 67.2 13.0 L 68.3 12.4 L 69.4 12.5 L 70.5 12.7 L 71.6 12.7 L 72.7 12.5 L 73.8 13.0 L 74.9 13.5 L 76.0 12.7 L 77.2 12.9 L 78.3 13.2 L 79.4 12.9 L 80.5 13.1 L 81.6 12.0 L 82.7 13.0 L 83.8 12.3 L 84.9 12.1 L 86.0 12.2 L 87.1 12.9 L 88.2 12.9 L 89.3 13.8 L 90.4 12.4 L 91.5 12.6 L 92.7 13.5 L 93.8 13.3 L 94.9 12.7 L 96.0 12.4 L 97.1 13.6 L 98.2 13.6 L 99.3 12.9 L 100.4 12.2 L 101.5 13.1 L 102.6 13.8 L 103.7 12.2 L 104.8 12.6 L 105.9 13.7 L 107.0 12.8 L 108.1 13.0 L 109.3 12.4 L 110.4 13.7 L 111.5 12.3 L 112.6 12.8 L 113.7 13.3 L 114.8 11.9 L 115.9 11.9 L 117.0 12.7" fill="none" stroke="#3b82f6" stroke-width="1.5" stroke-linecap="round" stroke-linejoin="round"/>
</svg>');
INSERT INTO public.spectra (id, object_id, grating, fits_path, reduction_version, signal_to_noise, thumbnail_svg_fnu, thumbnail_svg_flambda)
VALUES (900, 'mom_uds_p1_147018', 'PRISM', 'spectra/mom_uds_p1/mom_uds_p1_prism_clear_147018_spec.fits', 'v0.2', 14.3130884170532, '<svg xmlns="http://www.w3.org/2000/svg" viewBox="0 0 120 40" width="120" height="40">
  <path d="M 3.0 18.1 L 3.9 15.5 L 4.7 12.8 L 5.6 14.6 L 6.4 15.2 L 7.3 14.6 L 8.1 15.5 L 9.0 15.2 L 9.9 14.4 L 10.7 14.5 L 11.6 15.5 L 12.4 15.7 L 13.3 14.2 L 14.1 14.4 L 15.0 15.3 L 15.9 14.9 L 16.7 14.9 L 17.6 15.1 L 18.4 15.5 L 19.3 14.1 L 20.1 14.0 L 21.0 14.0 L 21.9 14.6 L 22.7 13.8 L 23.6 13.7 L 24.4 13.9 L 25.3 13.8 L 26.1 14.2 L 27.0 14.6 L 27.9 13.0 L 28.7 14.3 L 29.6 12.9 L 30.4 13.0 L 31.3 14.6 L 32.1 13.7 L 33.0 13.7 L 33.9 14.1 L 34.7 14.7 L 35.6 13.5 L 36.4 13.5 L 37.3 13.8 L 38.1 14.4 L 39.0 14.7 L 39.9 14.4 L 40.7 14.1 L 41.6 12.7 L 42.4 15.5 L 43.3 12.7 L 44.1 14.0 L 45.0 14.2 L 45.9 14.0 L 46.7 13.0 L 47.6 14.9 L 48.4 13.6 L 49.3 14.9 L 50.1 13.6 L 51.0 13.4 L 51.9 14.3 L 52.7 14.5 L 53.6 14.3 L 54.4 14.1 L 55.3 15.5 L 56.1 14.2 L 57.0 14.8 L 57.9 13.4 L 58.7 13.0 L 59.6 12.7 L 60.4 14.0 L 61.3 13.0 L 62.1 13.7 L 63.0 11.6 L 63.9 12.8 L 64.7 13.0 L 65.6 15.7 L 66.4 14.8 L 67.3 15.1 L 68.1 13.2 L 69.0 13.4 L 69.9 12.9 L 70.7 13.8 L 71.6 14.5 L 72.4 14.5 L 73.3 13.5 L 74.1 10.8 L 75.0 14.2 L 75.9 13.7 L 76.7 13.4 L 77.6 13.0 L 78.4 14.6 L 79.3 12.4 L 80.1 12.8 L 81.0 15.1 L 81.9 15.2 L 82.7 16.5 L 83.6 14.1 L 84.4 15.2 L 85.3 15.2 L 86.1 15.1 L 87.0 16.9 L 87.9 14.4 L 88.7 9.8 L 89.6 11.7 L 90.4 15.4 L 91.3 3.4 L 92.1 9.8 L 93.0 3.0 L 93.9 11.9 L 94.7 11.3 L 95.6 12.5 L 96.4 15.0 L 97.3 10.3 L 98.1 12.0 L 99.0 15.8 L 99.9 9.3 L 100.7 12.1 L 101.6 17.0 L 102.4 14.2 L 103.3 11.7 L 104.1 14.3 L 105.0 16.9 L 105.9 18.0 L 106.7 20.3 L 107.6 10.5 L 108.4 12.8 L 109.3 16.4 L 110.1 14.3 L 111.0 15.2 L 111.9 16.3 L 112.7 20.8 L 113.6 14.8 L 114.4 12.6 L 115.3 13.8 L 116.1 13.8 L 117.0 37.0" fill="none" stroke="#3b82f6" stroke-width="1.5" stroke-linecap="round" stroke-linejoin="round"/>
</svg>', '<svg xmlns="http://www.w3.org/2000/svg" viewBox="0 0 120 40" width="120" height="40">
  <path d="M 3.0 37.0 L 3.9 19.6 L 4.7 3.0 L 5.6 13.7 L 6.4 17.1 L 7.3 14.2 L 8.1 18.3 L 9.0 16.8 L 9.9 13.3 L 10.7 13.8 L 11.6 18.0 L 12.4 18.2 L 13.3 13.2 L 14.1 13.9 L 15.0 16.5 L 15.9 15.5 L 16.7 15.6 L 17.6 15.8 L 18.4 16.6 L 19.3 14.0 L 20.1 13.9 L 21.0 14.0 L 21.9 15.0 L 22.7 14.0 L 23.6 13.9 L 24.4 14.3 L 25.3 14.3 L 26.1 14.7 L 27.0 15.1 L 27.9 13.9 L 28.7 14.9 L 29.6 13.9 L 30.4 14.1 L 31.3 15.1 L 32.1 14.6 L 33.0 14.6 L 33.9 14.9 L 34.7 15.2 L 35.6 14.7 L 36.4 14.7 L 37.3 14.8 L 38.1 15.1 L 39.0 15.2 L 39.9 15.1 L 40.7 15.0 L 41.6 14.5 L 42.4 15.5 L 43.3 14.6 L 44.1 15.0 L 45.0 15.1 L 45.9 15.0 L 46.7 14.7 L 47.6 15.3 L 48.4 14.9 L 49.3 15.3 L 50.1 15.0 L 51.0 14.9 L 51.9 15.2 L 52.7 15.2 L 53.6 15.1 L 54.4 15.1 L 55.3 15.4 L 56.1 15.1 L 57.0 15.3 L 57.9 15.0 L 58.7 14.9 L 59.6 14.9 L 60.4 15.1 L 61.3 14.9 L 62.1 15.1 L 63.0 14.7 L 63.9 14.9 L 64.7 15.0 L 65.6 15.4 L 66.4 15.3 L 67.3 15.3 L 68.1 15.0 L 69.0 15.0 L 69.9 15.0 L 70.7 15.1 L 71.6 15.2 L 72.4 15.2 L 73.3 15.1 L 74.1 14.7 L 75.0 15.2 L 75.9 15.1 L 76.7 15.1 L 77.6 15.0 L 78.4 15.2 L 79.3 15.0 L 80.1 15.0 L 81.0 15.3 L 81.9 15.3 L 82.7 15.5 L 83.6 15.2 L 84.4 15.3 L 85.3 15.3 L 86.1 15.3 L 87.0 15.5 L 87.9 15.2 L 88.7 14.7 L 89.6 14.9 L 90.4 15.3 L 91.3 14.0 L 92.1 14.7 L 93.0 14.0 L 93.9 15.0 L 94.7 14.9 L 95.6 15.0 L 96.4 15.3 L 97.3 14.8 L 98.1 15.0 L 99.0 15.4 L 99.9 14.7 L 100.7 15.0 L 101.6 15.5 L 102.4 15.2 L 103.3 15.0 L 104.1 15.2 L 105.0 15.5 L 105.9 15.6 L 106.7 15.8 L 107.6 14.9 L 108.4 15.1 L 109.3 15.4 L 110.1 15.2 L 111.0 15.3 L 111.9 15.4 L 112.7 15.8 L 113.6 15.3 L 114.4 15.1 L 115.3 15.2 L 116.1 15.2 L 117.0 17.2" fill="none" stroke="#3b82f6" stroke-width="1.5" stroke-linecap="round" stroke-linejoin="round"/>
</svg>');
INSERT INTO public.spectra (id, object_id, grating, fits_path, reduction_version, signal_to_noise, thumbnail_svg_fnu, thumbnail_svg_flambda)
VALUES (903, 'mom_uds_p1_147412', 'PRISM', 'spectra/mom_uds_p1/mom_uds_p1_prism_clear_147412_spec.fits', 'v0.2', 28.8400325775146, '<svg xmlns="http://www.w3.org/2000/svg" viewBox="0 0 120 40" width="120" height="40">
  <path d="M 3.0 26.5 L 4.1 33.7 L 5.2 32.6 L 6.4 34.0 L 7.5 33.3 L 8.6 33.3 L 9.7 31.1 L 10.8 33.6 L 11.9 31.5 L 13.1 31.4 L 14.2 29.6 L 15.3 30.1 L 16.4 32.4 L 17.5 31.7 L 18.6 32.0 L 19.8 31.6 L 20.9 32.4 L 22.0 33.2 L 23.1 31.3 L 24.2 32.6 L 25.4 29.5 L 26.5 33.5 L 27.6 30.8 L 28.7 32.2 L 29.8 30.1 L 30.9 29.9 L 32.1 27.6 L 33.2 27.6 L 34.3 28.8 L 35.4 30.7 L 36.5 31.1 L 37.6 31.5 L 38.8 27.0 L 39.9 17.6 L 41.0 29.0 L 42.1 29.6 L 43.2 29.7 L 44.4 23.8 L 45.5 29.6 L 46.6 26.7 L 47.7 29.4 L 48.8 30.5 L 49.9 29.5 L 51.1 29.6 L 52.2 29.2 L 53.3 26.9 L 54.4 26.8 L 55.5 5.0 L 56.6 26.9 L 57.8 27.9 L 58.9 29.5 L 60.0 28.9 L 61.1 29.3 L 62.2 29.0 L 63.4 27.8 L 64.5 30.0 L 65.6 28.0 L 66.7 28.6 L 67.8 28.1 L 68.9 26.1 L 70.1 26.6 L 71.2 30.2 L 72.3 28.7 L 73.4 29.8 L 74.5 32.2 L 75.6 29.1 L 76.8 26.4 L 77.9 26.3 L 79.0 27.0 L 80.1 31.0 L 81.2 25.5 L 82.4 29.8 L 83.5 27.6 L 84.6 31.4 L 85.7 26.6 L 86.8 27.8 L 87.9 29.3 L 89.1 22.0 L 90.2 21.9 L 91.3 25.7 L 92.4 31.0 L 93.5 33.5 L 94.6 29.2 L 95.8 26.5 L 96.9 29.3 L 98.0 26.1 L 99.1 24.4 L 100.2 33.4 L 101.4 30.7 L 102.5 26.8 L 103.6 32.4 L 104.7 29.4 L 105.8 24.5 L 106.9 31.1 L 108.1 28.2 L 109.2 32.4 L 110.3 22.4 L 111.4 26.8 L 112.5 28.5 L 113.6 30.0 L 114.8 37.0 L 115.9 27.3 L 117.0 3.0" fill="none" stroke="#3b82f6" stroke-width="1.5" stroke-linecap="round" stroke-linejoin="round"/>
</svg>', '<svg xmlns="http://www.w3.org/2000/svg" viewBox="0 0 120 40" width="120" height="40">
  <path d="M 3.0 3.0 L 4.1 33.7 L 5.2 29.6 L 6.4 35.0 L 7.5 32.8 L 8.6 33.2 L 9.7 27.3 L 10.8 34.5 L 11.9 29.9 L 13.1 30.3 L 14.2 27.4 L 15.3 29.3 L 16.4 33.6 L 17.5 33.0 L 18.6 33.8 L 19.8 33.6 L 20.9 34.8 L 22.0 35.8 L 23.1 34.4 L 24.2 35.6 L 25.4 33.8 L 26.5 36.3 L 27.6 35.0 L 28.7 35.8 L 29.8 35.0 L 30.9 35.0 L 32.1 34.3 L 33.2 34.5 L 34.3 35.0 L 35.4 35.7 L 36.5 35.9 L 37.6 36.1 L 38.8 35.0 L 39.9 32.8 L 41.0 35.6 L 42.1 35.8 L 43.2 35.9 L 44.4 34.7 L 45.5 35.9 L 46.6 35.4 L 47.7 36.0 L 48.8 36.2 L 49.9 36.0 L 51.1 36.1 L 52.2 36.0 L 53.3 35.7 L 54.4 35.7 L 55.5 32.7 L 56.6 35.8 L 57.8 36.0 L 58.9 36.2 L 60.0 36.2 L 61.1 36.2 L 62.2 36.2 L 63.4 36.1 L 64.5 36.4 L 65.6 36.1 L 66.7 36.2 L 67.8 36.2 L 68.9 36.0 L 70.1 36.1 L 71.2 36.4 L 72.3 36.3 L 73.4 36.4 L 74.5 36.6 L 75.6 36.4 L 76.8 36.1 L 77.9 36.1 L 79.0 36.2 L 80.1 36.6 L 81.2 36.1 L 82.4 36.5 L 83.5 36.3 L 84.6 36.6 L 85.7 36.2 L 86.8 36.3 L 87.9 36.5 L 89.1 35.9 L 90.2 35.9 L 91.3 36.2 L 92.4 36.6 L 93.5 36.8 L 94.6 36.5 L 95.8 36.3 L 96.9 36.5 L 98.0 36.3 L 99.1 36.2 L 100.2 36.8 L 101.4 36.6 L 102.5 36.4 L 103.6 36.7 L 104.7 36.6 L 105.8 36.3 L 106.9 36.7 L 108.1 36.5 L 109.2 36.7 L 110.3 36.2 L 111.4 36.4 L 112.5 36.5 L 113.6 36.6 L 114.8 37.0 L 115.9 36.5 L 117.0 35.2" fill="none" stroke="#3b82f6" stroke-width="1.5" stroke-linecap="round" stroke-linejoin="round"/>
</svg>');
INSERT INTO public.spectra (id, object_id, grating, fits_path, reduction_version, signal_to_noise, thumbnail_svg_fnu, thumbnail_svg_flambda)
VALUES (963, 'mom_uds_p1_161487', 'PRISM', 'spectra/mom_uds_p1/mom_uds_p1_prism_clear_161487_spec.fits', 'v0.2', 3.47511172294617, '<svg xmlns="http://www.w3.org/2000/svg" viewBox="0 0 120 40" width="120" height="40">
  <path d="M 3.0 29.4 L 4.1 26.6 L 5.2 32.3 L 6.4 30.7 L 7.5 27.3 L 8.6 28.5 L 9.7 26.9 L 10.8 28.2 L 11.9 29.4 L 13.1 28.3 L 14.2 24.1 L 15.3 29.0 L 16.4 27.1 L 17.5 28.8 L 18.6 28.4 L 19.8 27.4 L 20.9 26.5 L 22.0 25.9 L 23.1 29.1 L 24.2 29.0 L 25.4 26.7 L 26.5 28.5 L 27.6 28.4 L 28.7 30.0 L 29.8 25.0 L 30.9 26.6 L 32.1 29.1 L 33.2 29.1 L 34.3 26.3 L 35.4 29.6 L 36.5 27.3 L 37.6 29.4 L 38.8 26.1 L 39.9 26.5 L 41.0 29.6 L 42.1 29.4 L 43.2 27.6 L 44.4 31.9 L 45.5 27.1 L 46.6 26.2 L 47.7 26.4 L 48.8 26.4 L 49.9 29.1 L 51.1 28.0 L 52.2 27.1 L 53.3 28.8 L 54.4 26.7 L 55.5 26.2 L 56.6 29.1 L 57.8 26.3 L 58.9 27.3 L 60.0 31.2 L 61.1 25.8 L 62.2 28.2 L 63.4 26.6 L 64.5 24.9 L 65.6 28.0 L 66.7 26.9 L 67.8 29.6 L 68.9 24.0 L 70.1 31.4 L 71.2 27.4 L 72.3 25.9 L 73.4 33.3 L 74.5 26.5 L 75.6 25.9 L 76.8 24.9 L 77.9 28.7 L 79.0 30.1 L 80.1 33.5 L 81.2 29.2 L 82.4 31.3 L 83.5 24.7 L 84.6 24.9 L 85.7 27.3 L 86.8 29.8 L 87.9 27.3 L 89.1 31.3 L 90.2 31.5 L 91.3 21.5 L 92.4 27.7 L 93.5 28.2 L 94.6 24.8 L 95.8 25.7 L 96.9 34.5 L 98.0 33.7 L 99.1 29.8 L 100.2 31.0 L 101.4 37.0 L 102.5 31.4 L 103.6 31.9 L 104.7 32.2 L 105.8 12.7 L 106.9 33.4 L 108.1 22.1 L 109.2 28.1 L 110.3 17.5 L 111.4 25.5 L 112.5 25.4 L 113.6 33.5 L 114.8 30.1 L 115.9 28.2 L 117.0 3.0" fill="none" stroke="#3b82f6" stroke-width="1.5" stroke-linecap="round" stroke-linejoin="round"/>
</svg>', '<svg xmlns="http://www.w3.org/2000/svg" viewBox="0 0 120 40" width="120" height="40">
  <path d="M 3.0 21.6 L 4.1 4.2 L 5.2 37.0 L 6.4 27.7 L 7.5 10.1 L 8.6 15.7 L 9.7 9.1 L 10.8 14.9 L 11.9 19.2 L 13.1 15.2 L 14.2 3.0 L 15.3 17.4 L 16.4 12.6 L 17.5 16.6 L 18.6 15.8 L 19.8 14.2 L 20.9 13.1 L 22.0 12.7 L 23.1 16.7 L 24.2 16.6 L 25.4 14.3 L 26.5 16.1 L 27.6 16.0 L 28.7 17.1 L 29.8 13.8 L 30.9 15.0 L 32.1 16.4 L 33.2 16.4 L 34.3 15.0 L 35.4 16.6 L 36.5 15.6 L 37.6 16.5 L 38.8 15.2 L 39.9 15.4 L 41.0 16.5 L 42.1 16.4 L 43.2 15.8 L 44.4 17.1 L 45.5 15.7 L 46.6 15.5 L 47.7 15.5 L 48.8 15.6 L 49.9 16.2 L 51.1 16.0 L 52.2 15.8 L 53.3 16.2 L 54.4 15.7 L 55.5 15.6 L 56.6 16.2 L 57.8 15.7 L 58.9 15.9 L 60.0 16.6 L 61.1 15.6 L 62.2 16.1 L 63.4 15.8 L 64.5 15.5 L 65.6 16.0 L 66.7 15.8 L 67.8 16.3 L 68.9 15.4 L 70.1 16.6 L 71.2 15.9 L 72.3 15.7 L 73.4 16.8 L 74.5 15.8 L 75.6 15.8 L 76.8 15.6 L 77.9 16.1 L 79.0 16.3 L 80.1 16.8 L 81.2 16.2 L 82.4 16.5 L 83.5 15.7 L 84.6 15.7 L 85.7 16.0 L 86.8 16.3 L 87.9 16.0 L 89.1 16.4 L 90.2 16.4 L 91.3 15.3 L 92.4 16.0 L 93.5 16.1 L 94.6 15.7 L 95.8 15.8 L 96.9 16.7 L 98.0 16.6 L 99.1 16.2 L 100.2 16.4 L 101.4 16.9 L 102.5 16.4 L 103.6 16.4 L 104.7 16.5 L 105.8 14.7 L 106.9 16.6 L 108.1 15.5 L 109.2 16.1 L 110.3 15.2 L 111.4 15.9 L 112.5 15.9 L 113.6 16.5 L 114.8 16.2 L 115.9 16.1 L 117.0 14.0" fill="none" stroke="#3b82f6" stroke-width="1.5" stroke-linecap="round" stroke-linejoin="round"/>
</svg>');
INSERT INTO public.spectra (id, object_id, grating, fits_path, reduction_version, signal_to_noise, thumbnail_svg_fnu, thumbnail_svg_flambda)
VALUES (6311, 'rubies_uds_p11_41434', 'G395M', 'spectra/rubies_uds_p11/rubies_uds_p11_g395m_f290lp_41434_spec.fits', 'v0.2', 7.40149397191951, '<svg xmlns="http://www.w3.org/2000/svg" viewBox="0 0 120 40" width="120" height="40">
  <path d="M 3.0 7.3 L 4.1 3.0 L 5.2 8.5 L 6.3 9.3 L 7.4 8.3 L 8.5 9.8 L 9.6 3.7 L 10.7 12.0 L 11.8 6.3 L 12.9 12.6 L 14.0 13.3 L 15.1 12.0 L 16.2 15.2 L 17.2 7.8 L 18.3 16.8 L 19.4 13.0 L 20.5 13.0 L 21.6 10.8 L 22.7 11.2 L 23.8 13.7 L 24.9 14.0 L 26.0 11.2 L 27.1 13.9 L 28.2 9.6 L 29.3 12.9 L 30.4 13.1 L 31.5 12.6 L 32.6 15.9 L 33.7 17.8 L 34.8 9.3 L 35.9 17.7 L 37.0 17.2 L 38.1 8.4 L 39.2 16.7 L 40.3 13.7 L 41.4 9.6 L 42.5 10.8 L 43.6 9.9 L 44.7 11.9 L 45.8 8.3 L 46.8 10.5 L 47.9 18.0 L 49.0 17.7 L 50.1 11.0 L 51.2 18.4 L 52.3 11.5 L 53.4 14.0 L 54.5 10.5 L 55.6 7.2 L 56.7 15.6 L 57.8 9.7 L 58.9 11.4 L 60.0 10.1 L 61.1 6.9 L 62.2 18.0 L 63.3 25.8 L 64.4 12.4 L 65.5 25.8 L 66.6 10.9 L 67.7 21.6 L 68.8 8.7 L 69.9 12.2 L 71.0 10.4 L 72.1 16.0 L 73.2 8.7 L 74.2 14.5 L 75.3 21.0 L 76.4 18.1 L 77.5 8.0 L 78.6 13.8 L 79.7 20.1 L 80.8 24.1 L 81.9 18.1 L 83.0 13.2 L 84.1 20.2 L 85.2 19.5 L 86.3 37.0 L 87.4 20.8 L 88.5 18.7 L 89.6 18.5 L 90.7 27.6 L 91.8 22.3 L 92.9 25.0 L 94.0 5.0 L 95.1 23.7 L 96.2 21.4 L 97.3 18.3 L 98.4 22.8 L 99.5 21.9 L 100.6 11.8 L 101.7 20.7 L 102.8 12.4 L 103.8 21.0 L 104.9 22.4 L 106.0 12.8 L 107.1 12.0 L 108.2 33.8 L 109.3 26.1 L 110.4 22.3 L 111.5 14.9 L 112.6 34.0 L 113.7 13.1 L 114.8 22.2 L 115.9 18.7 L 117.0 17.2" fill="none" stroke="#3b82f6" stroke-width="1.5" stroke-linecap="round" stroke-linejoin="round"/>
</svg>', '<svg xmlns="http://www.w3.org/2000/svg" viewBox="0 0 120 40" width="120" height="40">
  <path d="M 3.0 11.6 L 4.1 3.0 L 5.2 13.9 L 6.3 15.4 L 7.4 13.4 L 8.5 16.3 L 9.6 4.9 L 10.7 20.2 L 11.8 9.6 L 12.9 21.1 L 14.0 22.1 L 15.1 19.8 L 16.2 25.1 L 17.2 12.3 L 18.3 27.5 L 19.4 20.9 L 20.5 20.8 L 21.6 17.1 L 22.7 17.7 L 23.8 21.5 L 24.9 21.9 L 26.0 17.4 L 27.1 21.5 L 28.2 14.8 L 29.3 19.7 L 30.4 19.9 L 31.5 19.0 L 32.6 23.7 L 33.7 26.3 L 34.8 14.2 L 35.9 25.8 L 37.0 25.0 L 38.1 12.8 L 39.2 23.9 L 40.3 19.8 L 41.4 14.3 L 42.5 15.8 L 43.6 14.6 L 44.7 17.1 L 45.8 12.5 L 46.8 15.2 L 47.9 24.4 L 49.0 23.9 L 50.1 15.6 L 51.2 24.4 L 52.3 16.2 L 53.4 19.0 L 54.5 14.9 L 55.6 11.0 L 56.7 20.6 L 57.8 13.9 L 58.9 15.7 L 60.0 14.2 L 61.1 10.6 L 62.2 22.7 L 63.3 30.9 L 64.4 16.4 L 65.5 30.4 L 66.6 14.8 L 67.7 25.7 L 68.8 12.4 L 69.9 16.0 L 71.0 14.2 L 72.1 19.6 L 73.2 12.5 L 74.2 18.0 L 75.3 24.2 L 76.4 21.3 L 77.5 11.7 L 78.6 17.1 L 79.7 22.8 L 80.8 26.4 L 81.9 20.9 L 83.0 16.3 L 84.1 22.5 L 85.2 21.8 L 86.3 37.0 L 87.4 22.7 L 88.5 20.7 L 89.6 20.5 L 90.7 28.1 L 91.8 23.5 L 92.9 25.6 L 94.0 9.1 L 95.1 24.3 L 96.2 22.3 L 97.3 19.8 L 98.4 23.2 L 99.5 22.5 L 100.6 14.4 L 101.7 21.3 L 102.8 14.9 L 103.8 21.4 L 104.9 22.4 L 106.0 15.1 L 107.1 14.4 L 108.2 30.5 L 109.3 24.6 L 110.4 21.8 L 111.5 16.4 L 112.6 27.9 L 113.7 14.5 L 114.8 20.2 L 115.9 17.9 L 117.0 17.0" fill="none" stroke="#3b82f6" stroke-width="1.5" stroke-linecap="round" stroke-linejoin="round"/>
</svg>');
INSERT INTO public.spectra (id, object_id, grating, fits_path, reduction_version, signal_to_noise, thumbnail_svg_fnu, thumbnail_svg_flambda)
VALUES (9030, 'rubies_uds_p23_146223', 'G395M', 'spectra/rubies_uds_p23/rubies_uds_p23_g395m_f290lp_146223_spec.fits', 'v0.2', 32.2805824279785, '<svg xmlns="http://www.w3.org/2000/svg" viewBox="0 0 120 40" width="120" height="40">
  <path d="M 3.0 17.7 L 4.1 21.8 L 5.3 24.4 L 6.4 26.9 L 7.5 17.5 L 8.6 26.7 L 9.8 29.5 L 10.9 21.0 L 12.0 18.9 L 13.2 22.7 L 14.3 26.2 L 15.4 25.4 L 16.5 24.8 L 17.7 27.2 L 18.8 21.5 L 19.9 25.5 L 21.1 21.8 L 22.2 19.8 L 23.3 27.4 L 24.4 30.7 L 25.6 21.0 L 26.7 29.7 L 27.8 22.3 L 29.0 20.8 L 30.1 24.2 L 31.2 15.7 L 32.3 21.4 L 33.5 28.5 L 34.6 23.6 L 35.7 20.6 L 36.9 26.8 L 38.0 21.4 L 39.1 23.6 L 40.2 24.4 L 41.4 28.3 L 42.5 24.7 L 43.6 23.7 L 44.8 18.8 L 45.9 26.3 L 47.0 26.2 L 48.1 18.2 L 49.3 22.0 L 50.4 23.8 L 51.5 24.1 L 52.7 21.1 L 53.8 21.3 L 54.9 24.7 L 56.0 27.0 L 57.2 30.1 L 58.3 21.3 L 59.4 28.5 L 60.6 26.4 L 61.7 23.7 L 62.8 27.5 L 64.0 24.7 L 65.1 18.9 L 66.2 16.6 L 67.3 25.8 L 68.5 22.6 L 69.6 22.3 L 70.7 23.6 L 71.9 27.9 L 73.0 15.3 L 74.1 20.6 L 75.2 27.1 L 76.4 22.1 L 77.5 9.4 L 78.6 4.3 L 79.8 22.2 L 80.9 27.1 L 82.0 24.0 L 83.1 21.4 L 84.3 19.3 L 85.4 32.2 L 86.5 20.6 L 87.7 30.4 L 88.8 20.2 L 89.9 27.2 L 91.0 19.0 L 92.2 25.4 L 93.3 16.5 L 94.4 25.3 L 95.6 26.6 L 96.7 31.7 L 97.8 22.2 L 98.9 16.2 L 100.1 32.3 L 101.2 24.8 L 102.3 25.3 L 103.5 23.3 L 104.6 14.2 L 105.7 6.0 L 106.8 27.5 L 108.0 37.0 L 109.1 26.0 L 110.2 34.9 L 111.4 3.0 L 112.5 28.3 L 113.6 21.7 L 114.7 21.8 L 115.9 33.1 L 117.0 12.3" fill="none" stroke="#3b82f6" stroke-width="1.5" stroke-linecap="round" stroke-linejoin="round"/>
</svg>', '<svg xmlns="http://www.w3.org/2000/svg" viewBox="0 0 120 40" width="120" height="40">
  <path d="M 3.0 6.8 L 4.1 17.6 L 5.3 24.3 L 6.4 30.7 L 7.5 7.5 L 8.6 29.8 L 9.8 36.4 L 10.9 16.5 L 12.0 11.9 L 13.2 20.5 L 14.3 28.4 L 15.4 26.8 L 16.5 25.4 L 17.7 30.6 L 18.8 18.4 L 19.9 26.9 L 21.1 19.4 L 22.2 15.4 L 23.3 30.6 L 24.4 37.0 L 25.6 18.1 L 26.7 34.9 L 27.8 20.7 L 29.0 18.1 L 30.1 24.3 L 31.2 9.0 L 32.3 19.3 L 33.5 31.9 L 34.6 23.4 L 35.7 18.3 L 36.9 28.9 L 38.0 19.9 L 39.1 23.5 L 40.2 24.8 L 41.4 31.0 L 42.5 25.3 L 43.6 23.8 L 44.8 16.2 L 45.9 27.8 L 47.0 27.7 L 48.1 15.6 L 49.3 21.3 L 50.4 24.1 L 51.5 24.5 L 52.7 20.2 L 53.8 20.6 L 54.9 25.3 L 56.0 28.6 L 57.2 32.7 L 58.3 20.9 L 59.4 30.4 L 60.6 27.5 L 61.7 24.1 L 62.8 29.0 L 64.0 25.4 L 65.1 18.1 L 66.2 15.4 L 67.3 26.7 L 68.5 22.8 L 69.6 22.5 L 70.7 24.2 L 71.9 29.2 L 73.0 14.5 L 74.1 20.7 L 75.2 28.2 L 76.4 22.5 L 77.5 8.4 L 78.6 3.0 L 79.8 22.7 L 80.9 28.1 L 82.0 24.7 L 83.1 22.0 L 84.3 19.8 L 85.4 33.2 L 86.5 21.3 L 87.7 31.3 L 88.8 20.9 L 89.9 28.0 L 91.0 19.9 L 92.2 26.1 L 93.3 17.6 L 94.4 26.0 L 95.6 27.3 L 96.7 32.1 L 97.8 23.2 L 98.9 17.7 L 100.1 32.4 L 101.2 25.6 L 102.3 26.0 L 103.5 24.2 L 104.6 16.3 L 105.7 9.2 L 106.8 27.9 L 108.0 36.0 L 109.1 26.6 L 110.2 34.1 L 111.4 7.5 L 112.5 28.5 L 113.6 23.0 L 114.7 23.1 L 115.9 32.2 L 117.0 15.5" fill="none" stroke="#3b82f6" stroke-width="1.5" stroke-linecap="round" stroke-linejoin="round"/>
</svg>');
INSERT INTO public.spectra (id, object_id, grating, fits_path, reduction_version, signal_to_noise, thumbnail_svg_fnu, thumbnail_svg_flambda)
VALUES (9386, 'rubies_uds_p23_146223', 'PRISM', 'spectra/rubies_uds_p23/rubies_uds_p23_prism_clear_146223_spec.fits', 'v0.2', 36.185173034668, '<svg xmlns="http://www.w3.org/2000/svg" viewBox="0 0 120 40" width="120" height="40">
  <path d="M 3.0 37.0 L 4.1 36.0 L 5.3 35.4 L 6.4 35.2 L 7.6 36.5 L 8.7 35.1 L 9.8 35.8 L 11.0 35.8 L 12.1 35.3 L 13.3 35.7 L 14.4 35.6 L 15.5 35.5 L 16.7 35.5 L 17.8 35.6 L 19.0 34.8 L 20.1 34.1 L 21.2 34.6 L 22.4 34.2 L 23.5 35.0 L 24.7 34.3 L 25.8 35.2 L 26.9 34.5 L 28.1 34.4 L 29.2 35.1 L 30.4 34.6 L 31.5 34.8 L 32.6 34.1 L 33.8 34.1 L 34.9 34.8 L 36.1 34.9 L 37.2 33.5 L 38.3 34.1 L 39.5 35.2 L 40.6 34.2 L 41.8 34.3 L 42.9 34.0 L 44.0 34.2 L 45.2 34.5 L 46.3 34.8 L 47.5 34.1 L 48.6 35.4 L 49.7 33.9 L 50.9 34.6 L 52.0 34.9 L 53.2 34.1 L 54.3 34.1 L 55.4 34.8 L 56.6 33.7 L 57.7 35.0 L 58.9 33.7 L 60.0 32.3 L 61.1 33.8 L 62.3 35.1 L 63.4 30.7 L 64.6 35.0 L 65.7 32.7 L 66.8 34.7 L 68.0 34.7 L 69.1 35.7 L 70.3 36.5 L 71.4 36.8 L 72.5 33.5 L 73.7 33.5 L 74.8 31.7 L 76.0 33.4 L 77.1 35.5 L 78.2 34.5 L 79.4 35.3 L 80.5 35.5 L 81.7 34.3 L 82.8 34.0 L 83.9 35.3 L 85.1 33.4 L 86.2 33.1 L 87.4 36.4 L 88.5 32.9 L 89.6 25.1 L 90.8 36.0 L 91.9 32.9 L 93.1 34.0 L 94.2 3.0 L 95.3 35.8 L 96.5 34.9 L 97.6 34.0 L 98.8 37.0 L 99.9 36.0 L 101.0 33.7 L 102.2 33.4 L 103.3 34.4 L 104.5 36.7 L 105.6 35.2 L 106.7 35.8 L 107.9 31.9 L 109.0 34.9 L 110.2 34.6 L 111.3 31.7 L 112.4 33.2 L 113.6 34.9 L 114.7 33.3 L 115.9 33.0 L 117.0 33.3" fill="none" stroke="#3b82f6" stroke-width="1.5" stroke-linecap="round" stroke-linejoin="round"/>
</svg>', '<svg xmlns="http://www.w3.org/2000/svg" viewBox="0 0 120 40" width="120" height="40">
  <path d="M 3.0 37.0 L 4.1 18.9 L 5.3 7.1 L 6.4 4.3 L 7.6 24.6 L 8.7 4.9 L 9.8 13.8 L 11.0 13.6 L 12.1 8.9 L 13.3 12.7 L 14.4 12.4 L 15.5 11.4 L 16.7 12.0 L 17.8 12.8 L 19.0 8.3 L 20.1 5.6 L 21.2 8.6 L 22.4 7.6 L 23.5 10.8 L 24.7 9.0 L 25.8 11.9 L 26.9 10.5 L 28.1 10.3 L 29.2 12.2 L 30.4 11.2 L 31.5 11.7 L 32.6 10.8 L 33.8 11.0 L 34.9 12.1 L 36.1 12.2 L 37.2 10.5 L 38.3 11.5 L 39.5 12.8 L 40.6 11.7 L 41.8 11.9 L 42.9 11.7 L 44.0 11.9 L 45.2 12.3 L 46.3 12.6 L 47.5 12.1 L 48.6 13.2 L 49.7 12.0 L 50.9 12.6 L 52.0 12.8 L 53.2 12.3 L 54.3 12.3 L 55.4 12.8 L 56.6 12.1 L 57.7 13.0 L 58.9 12.2 L 60.0 11.4 L 61.1 12.3 L 62.3 13.1 L 63.4 10.7 L 64.6 13.0 L 65.7 11.8 L 66.8 12.9 L 68.0 12.9 L 69.1 13.4 L 70.3 13.8 L 71.4 13.9 L 72.5 12.4 L 73.7 12.5 L 74.8 11.7 L 76.0 12.4 L 77.1 13.3 L 78.2 12.9 L 79.4 13.2 L 80.5 13.3 L 81.7 12.9 L 82.8 12.8 L 83.9 13.3 L 85.1 12.6 L 86.2 12.5 L 87.4 13.7 L 88.5 12.4 L 89.6 9.8 L 90.8 13.5 L 91.9 12.5 L 93.1 12.8 L 94.2 3.0 L 95.3 13.4 L 96.5 13.2 L 97.6 12.9 L 98.8 13.8 L 99.9 13.5 L 101.0 12.8 L 102.2 12.8 L 103.3 13.0 L 104.5 13.7 L 105.6 13.3 L 106.7 13.4 L 107.9 12.4 L 109.0 13.2 L 110.2 13.1 L 111.3 12.4 L 112.4 12.8 L 113.6 13.2 L 114.7 12.8 L 115.9 12.7 L 117.0 12.8" fill="none" stroke="#3b82f6" stroke-width="1.5" stroke-linecap="round" stroke-linejoin="round"/>
</svg>');
INSERT INTO public.spectra (id, object_id, grating, fits_path, reduction_version, signal_to_noise, thumbnail_svg_fnu, thumbnail_svg_flambda)
VALUES (9291, 'rubies_uds_p23_930419', 'G395M', 'spectra/rubies_uds_p23/rubies_uds_p23_g395m_f290lp_930419_spec.fits', 'v0.2', 32.3980827331543, '<svg xmlns="http://www.w3.org/2000/svg" viewBox="0 0 120 40" width="120" height="40">
  <path d="M 3.0 17.7 L 4.1 21.9 L 5.3 24.4 L 6.4 26.9 L 7.5 17.7 L 8.6 26.7 L 9.8 29.4 L 10.9 21.2 L 12.0 19.1 L 13.2 22.7 L 14.3 26.1 L 15.4 25.4 L 16.5 24.8 L 17.7 27.2 L 18.8 21.6 L 19.9 25.5 L 21.1 21.9 L 22.2 19.9 L 23.3 27.4 L 24.4 30.6 L 25.6 21.1 L 26.7 29.7 L 27.8 22.3 L 29.0 20.9 L 30.1 24.2 L 31.2 15.9 L 32.3 21.5 L 33.5 28.3 L 34.6 23.7 L 35.7 20.7 L 36.9 26.8 L 38.0 21.5 L 39.1 23.7 L 40.2 24.4 L 41.4 28.2 L 42.5 24.7 L 43.6 23.7 L 44.8 18.9 L 45.9 26.3 L 47.0 26.2 L 48.1 18.2 L 49.3 22.0 L 50.4 23.8 L 51.5 24.1 L 52.7 21.1 L 53.8 21.3 L 54.9 24.6 L 56.0 26.9 L 57.2 30.0 L 58.3 21.5 L 59.4 28.4 L 60.6 26.3 L 61.7 23.7 L 62.8 27.5 L 64.0 24.7 L 65.1 19.0 L 66.2 16.7 L 67.3 25.8 L 68.5 22.6 L 69.6 22.3 L 70.7 23.6 L 71.9 27.8 L 73.0 15.4 L 74.1 20.6 L 75.2 27.0 L 76.4 22.1 L 77.5 9.4 L 78.6 4.6 L 79.8 22.2 L 80.9 27.0 L 82.0 23.9 L 83.1 21.4 L 84.3 19.4 L 85.4 32.1 L 86.5 20.6 L 87.7 30.3 L 88.8 20.2 L 89.9 27.2 L 91.0 18.9 L 92.2 25.4 L 93.3 16.5 L 94.4 25.4 L 95.6 26.6 L 96.7 31.7 L 97.8 22.3 L 98.9 16.3 L 100.1 32.2 L 101.2 24.8 L 102.3 25.2 L 103.5 23.3 L 104.6 14.2 L 105.7 5.9 L 106.8 27.5 L 108.0 37.0 L 109.1 25.9 L 110.2 35.0 L 111.4 3.0 L 112.5 28.3 L 113.6 21.7 L 114.7 21.7 L 115.9 32.9 L 117.0 12.2" fill="none" stroke="#3b82f6" stroke-width="1.5" stroke-linecap="round" stroke-linejoin="round"/>
</svg>', '<svg xmlns="http://www.w3.org/2000/svg" viewBox="0 0 120 40" width="120" height="40">
  <path d="M 3.0 6.5 L 4.1 17.9 L 5.3 24.3 L 6.4 30.6 L 7.5 7.7 L 8.6 29.9 L 9.8 36.4 L 10.9 16.8 L 12.0 12.0 L 13.2 20.5 L 14.3 28.4 L 15.4 26.8 L 16.5 25.5 L 17.7 30.6 L 18.8 18.6 L 19.9 27.0 L 21.1 19.4 L 22.2 15.5 L 23.3 30.7 L 24.4 37.0 L 25.6 18.2 L 26.7 34.9 L 27.8 20.8 L 29.0 18.1 L 30.1 24.4 L 31.2 9.1 L 32.3 19.4 L 33.5 31.8 L 34.6 23.5 L 35.7 18.3 L 36.9 28.9 L 38.0 19.9 L 39.1 23.6 L 40.2 24.8 L 41.4 31.0 L 42.5 25.4 L 43.6 23.8 L 44.8 16.3 L 45.9 27.8 L 47.0 27.6 L 48.1 15.6 L 49.3 21.4 L 50.4 24.1 L 51.5 24.5 L 52.7 20.3 L 53.8 20.6 L 54.9 25.3 L 56.0 28.5 L 57.2 32.7 L 58.3 21.0 L 59.4 30.4 L 60.6 27.5 L 61.7 24.1 L 62.8 29.1 L 64.0 25.4 L 65.1 18.2 L 66.2 15.4 L 67.3 26.8 L 68.5 22.8 L 69.6 22.6 L 70.7 24.2 L 71.9 29.2 L 73.0 14.5 L 74.1 20.7 L 75.2 28.1 L 76.4 22.5 L 77.5 8.2 L 78.6 3.0 L 79.8 22.7 L 80.9 28.0 L 82.0 24.7 L 83.1 22.0 L 84.3 19.9 L 85.4 33.2 L 86.5 21.2 L 87.7 31.2 L 88.8 20.9 L 89.9 28.0 L 91.0 19.7 L 92.2 26.2 L 93.3 17.5 L 94.4 26.2 L 95.6 27.3 L 96.7 32.1 L 97.8 23.3 L 98.9 17.6 L 100.1 32.4 L 101.2 25.7 L 102.3 25.9 L 103.5 24.2 L 104.6 16.2 L 105.7 9.0 L 106.8 28.0 L 108.0 36.2 L 109.1 26.6 L 110.2 34.3 L 111.4 7.3 L 112.5 28.5 L 113.6 23.0 L 114.7 23.1 L 115.9 32.2 L 117.0 15.4" fill="none" stroke="#3b82f6" stroke-width="1.5" stroke-linecap="round" stroke-linejoin="round"/>
</svg>');
INSERT INTO public.spectra (id, object_id, grating, fits_path, reduction_version, signal_to_noise, thumbnail_svg_fnu, thumbnail_svg_flambda)
VALUES (9662, 'rubies_uds_p23_930419', 'PRISM', 'spectra/rubies_uds_p23/rubies_uds_p23_prism_clear_930419_spec.fits', 'v0.2', 36.1553535461426, '<svg xmlns="http://www.w3.org/2000/svg" viewBox="0 0 120 40" width="120" height="40">
  <path d="M 3.0 36.9 L 4.1 36.0 L 5.3 35.4 L 6.4 35.2 L 7.6 36.5 L 8.7 35.1 L 9.8 35.8 L 11.0 35.7 L 12.1 35.3 L 13.3 35.6 L 14.4 35.6 L 15.5 35.5 L 16.7 35.5 L 17.8 35.6 L 19.0 34.8 L 20.1 34.1 L 21.2 34.6 L 22.4 34.2 L 23.5 35.0 L 24.7 34.3 L 25.8 35.2 L 26.9 34.6 L 28.1 34.4 L 29.2 35.1 L 30.4 34.6 L 31.5 34.8 L 32.6 34.1 L 33.8 34.1 L 34.9 34.8 L 36.1 34.9 L 37.2 33.5 L 38.3 34.1 L 39.5 35.2 L 40.6 34.2 L 41.8 34.3 L 42.9 34.0 L 44.0 34.2 L 45.2 34.5 L 46.3 34.8 L 47.5 34.1 L 48.6 35.4 L 49.7 33.9 L 50.9 34.6 L 52.0 34.9 L 53.2 34.1 L 54.3 34.1 L 55.4 34.8 L 56.6 33.7 L 57.7 35.0 L 58.9 33.7 L 60.0 32.3 L 61.1 33.8 L 62.3 35.1 L 63.4 30.7 L 64.6 35.0 L 65.7 32.7 L 66.8 34.7 L 68.0 34.7 L 69.1 35.7 L 70.3 36.5 L 71.4 36.7 L 72.5 33.5 L 73.7 33.5 L 74.8 31.7 L 76.0 33.4 L 77.1 35.4 L 78.2 34.4 L 79.4 35.3 L 80.5 35.5 L 81.7 34.3 L 82.8 34.0 L 83.9 35.3 L 85.1 33.4 L 86.2 33.1 L 87.4 36.4 L 88.5 32.9 L 89.6 25.1 L 90.8 36.0 L 91.9 32.9 L 93.1 34.0 L 94.2 3.0 L 95.3 35.8 L 96.5 34.9 L 97.6 33.9 L 98.8 37.0 L 99.9 36.0 L 101.0 33.7 L 102.2 33.4 L 103.3 34.3 L 104.5 36.7 L 105.6 35.1 L 106.7 35.8 L 107.9 31.9 L 109.0 34.9 L 110.2 34.6 L 111.3 31.6 L 112.4 33.1 L 113.6 34.9 L 114.7 33.2 L 115.9 33.0 L 117.0 33.2" fill="none" stroke="#3b82f6" stroke-width="1.5" stroke-linecap="round" stroke-linejoin="round"/>
</svg>', '<svg xmlns="http://www.w3.org/2000/svg" viewBox="0 0 120 40" width="120" height="40">
  <path d="M 3.0 37.0 L 4.1 19.3 L 5.3 7.3 L 6.4 4.5 L 7.6 24.7 L 8.7 5.2 L 9.8 14.0 L 11.0 13.9 L 12.1 9.1 L 13.3 12.8 L 14.4 12.7 L 15.5 11.6 L 16.7 12.2 L 17.8 13.1 L 19.0 8.5 L 20.1 5.8 L 21.2 8.9 L 22.4 7.8 L 23.5 11.0 L 24.7 9.2 L 25.8 12.1 L 26.9 10.7 L 28.1 10.5 L 29.2 12.4 L 30.4 11.4 L 31.5 11.9 L 32.6 11.0 L 33.8 11.2 L 34.9 12.3 L 36.1 12.4 L 37.2 10.7 L 38.3 11.7 L 39.5 13.0 L 40.6 12.0 L 41.8 12.1 L 42.9 12.0 L 44.0 12.2 L 45.2 12.5 L 46.3 12.8 L 47.5 12.3 L 48.6 13.4 L 49.7 12.2 L 50.9 12.8 L 52.0 13.0 L 53.2 12.5 L 54.3 12.5 L 55.4 13.0 L 56.6 12.3 L 57.7 13.2 L 58.9 12.4 L 60.0 11.6 L 61.1 12.5 L 62.3 13.3 L 63.4 10.9 L 64.6 13.3 L 65.7 12.0 L 66.8 13.1 L 68.0 13.1 L 69.1 13.6 L 70.3 14.0 L 71.4 14.1 L 72.5 12.6 L 73.7 12.7 L 74.8 11.9 L 76.0 12.6 L 77.1 13.5 L 78.2 13.1 L 79.4 13.5 L 80.5 13.5 L 81.7 13.1 L 82.8 13.0 L 83.9 13.5 L 85.1 12.8 L 86.2 12.7 L 87.4 13.9 L 88.5 12.6 L 89.6 10.0 L 90.8 13.7 L 91.9 12.7 L 93.1 13.0 L 94.2 3.0 L 95.3 13.6 L 96.5 13.4 L 97.6 13.1 L 98.8 14.0 L 99.9 13.7 L 101.0 13.0 L 102.2 12.9 L 103.3 13.2 L 104.5 13.9 L 105.6 13.5 L 106.7 13.7 L 107.9 12.6 L 109.0 13.4 L 110.2 13.3 L 111.3 12.5 L 112.4 12.9 L 113.6 13.4 L 114.7 13.0 L 115.9 12.9 L 117.0 13.0" fill="none" stroke="#3b82f6" stroke-width="1.5" stroke-linecap="round" stroke-linejoin="round"/>
</svg>');
INSERT INTO public.spectra (id, object_id, grating, fits_path, reduction_version, signal_to_noise, thumbnail_svg_fnu, thumbnail_svg_flambda)
VALUES (9701, 'rubies_uds_p32_166477', 'G395M', 'spectra/rubies_uds_p32/rubies_uds_p32_g395m_f290lp_166477_spec.fits', 'v0.2', 8.57965850830078, '<svg xmlns="http://www.w3.org/2000/svg" viewBox="0 0 120 40" width="120" height="40">
  <path d="M 3.0 33.3 L 4.1 29.4 L 5.2 30.8 L 6.4 31.6 L 7.5 30.7 L 8.6 29.5 L 9.7 30.5 L 10.8 30.2 L 11.9 28.4 L 13.1 30.6 L 14.2 29.5 L 15.3 31.0 L 16.4 26.5 L 17.5 32.3 L 18.6 29.1 L 19.8 31.7 L 20.9 29.4 L 22.0 29.2 L 23.1 28.1 L 24.2 28.4 L 25.4 29.9 L 26.5 31.2 L 27.6 28.3 L 28.7 31.0 L 29.8 32.4 L 30.9 30.6 L 32.1 31.3 L 33.2 32.6 L 34.3 31.8 L 35.4 28.2 L 36.5 28.0 L 37.6 30.1 L 38.8 31.2 L 39.9 27.2 L 41.0 30.7 L 42.1 29.7 L 43.2 29.4 L 44.4 30.5 L 45.5 30.6 L 46.6 30.7 L 47.7 28.5 L 48.8 28.7 L 49.9 30.3 L 51.1 29.1 L 52.2 29.3 L 53.3 28.4 L 54.4 29.0 L 55.5 30.0 L 56.6 27.3 L 57.8 35.0 L 58.9 28.0 L 60.0 28.6 L 61.1 33.5 L 62.2 30.2 L 63.4 30.2 L 64.5 33.4 L 65.6 28.3 L 66.7 31.1 L 67.8 30.5 L 68.9 31.6 L 70.1 32.1 L 71.2 26.2 L 72.3 26.6 L 73.4 18.9 L 74.5 28.8 L 75.6 28.8 L 76.8 30.0 L 77.9 32.6 L 79.0 30.2 L 80.1 33.3 L 81.2 29.5 L 82.4 27.7 L 83.5 27.3 L 84.6 30.3 L 85.7 25.9 L 86.8 29.9 L 87.9 31.5 L 89.1 32.3 L 90.2 32.7 L 91.3 30.8 L 92.4 27.8 L 93.5 32.6 L 94.6 32.4 L 95.8 29.8 L 96.9 30.7 L 98.0 27.3 L 99.1 29.7 L 100.2 31.1 L 101.4 27.5 L 102.5 28.6 L 103.6 30.0 L 104.7 26.6 L 105.8 27.8 L 106.9 29.2 L 108.1 27.9 L 109.2 30.9 L 110.3 28.8 L 111.4 33.8 L 112.5 37.0 L 113.6 31.1 L 114.8 27.4 L 115.9 28.0 L 117.0 3.0" fill="none" stroke="#3b82f6" stroke-width="1.5" stroke-linecap="round" stroke-linejoin="round"/>
</svg>', '<svg xmlns="http://www.w3.org/2000/svg" viewBox="0 0 120 40" width="120" height="40">
  <path d="M 3.0 37.0 L 4.1 26.1 L 5.2 30.1 L 6.4 32.3 L 7.5 29.6 L 8.6 26.6 L 9.7 29.2 L 10.8 28.5 L 11.9 24.0 L 13.1 29.4 L 14.2 26.7 L 15.3 30.4 L 16.4 19.9 L 17.5 33.2 L 18.6 26.0 L 19.8 31.9 L 20.9 26.6 L 22.0 26.3 L 23.1 24.0 L 24.2 24.6 L 25.4 27.9 L 26.5 30.6 L 27.6 24.6 L 28.7 30.2 L 29.8 33.0 L 30.9 29.2 L 32.1 30.6 L 33.2 33.1 L 34.3 31.5 L 35.4 24.7 L 36.5 24.4 L 37.6 28.4 L 38.8 30.4 L 39.9 23.1 L 41.0 29.5 L 42.1 27.7 L 43.2 27.1 L 44.4 29.0 L 45.5 29.2 L 46.6 29.4 L 47.7 25.6 L 48.8 26.0 L 49.9 28.7 L 51.1 26.7 L 52.2 27.0 L 53.3 25.6 L 54.4 26.6 L 55.5 28.1 L 56.6 24.1 L 57.8 35.9 L 58.9 25.1 L 60.0 26.1 L 61.1 33.4 L 62.2 28.5 L 63.4 28.5 L 64.5 33.1 L 65.6 25.8 L 66.7 29.8 L 67.8 29.0 L 68.9 30.5 L 70.1 31.1 L 71.2 23.1 L 72.3 23.7 L 73.4 13.6 L 74.5 26.6 L 75.6 26.7 L 76.8 28.3 L 77.9 31.6 L 79.0 28.6 L 80.1 32.4 L 81.2 27.7 L 82.4 25.5 L 83.5 25.1 L 84.6 28.6 L 85.7 23.4 L 86.8 28.2 L 87.9 30.1 L 89.1 31.0 L 90.2 31.4 L 91.3 29.2 L 92.4 25.8 L 93.5 31.3 L 94.6 31.0 L 95.8 28.1 L 96.9 29.1 L 98.0 25.4 L 99.1 28.0 L 100.2 29.5 L 101.4 25.7 L 102.5 26.9 L 103.6 28.4 L 104.7 24.9 L 105.8 26.1 L 106.9 27.6 L 108.1 26.2 L 109.2 29.2 L 110.3 27.1 L 111.4 32.1 L 112.5 35.1 L 113.6 29.5 L 114.8 25.9 L 115.9 26.5 L 117.0 3.0" fill="none" stroke="#3b82f6" stroke-width="1.5" stroke-linecap="round" stroke-linejoin="round"/>
</svg>');
INSERT INTO public.spectra (id, object_id, grating, fits_path, reduction_version, signal_to_noise, thumbnail_svg_fnu, thumbnail_svg_flambda)
VALUES (9943, 'rubies_uds_p32_166477', 'PRISM', 'spectra/rubies_uds_p32/rubies_uds_p32_prism_clear_166477_spec.fits', 'v0.2', 12.5839471817017, '<svg xmlns="http://www.w3.org/2000/svg" viewBox="0 0 120 40" width="120" height="40">
  <path d="M 3.0 16.4 L 4.1 15.2 L 5.3 16.4 L 6.4 16.6 L 7.5 17.2 L 8.6 17.8 L 9.8 16.9 L 10.9 15.0 L 12.0 14.9 L 13.2 16.5 L 14.3 16.0 L 15.4 16.6 L 16.5 16.1 L 17.7 16.4 L 18.8 14.7 L 19.9 15.5 L 21.1 15.2 L 22.2 15.3 L 23.3 14.1 L 24.4 15.2 L 25.6 15.8 L 26.7 16.1 L 27.8 15.7 L 29.0 15.3 L 30.1 14.5 L 31.2 14.0 L 32.3 14.6 L 33.5 15.6 L 34.6 15.8 L 35.7 14.7 L 36.9 14.4 L 38.0 15.2 L 39.1 12.4 L 40.2 16.0 L 41.4 16.0 L 42.5 16.6 L 43.6 15.6 L 44.8 15.3 L 45.9 13.8 L 47.0 13.9 L 48.1 14.4 L 49.3 13.4 L 50.4 15.9 L 51.5 17.0 L 52.7 14.7 L 53.8 14.5 L 54.9 16.9 L 56.0 16.2 L 57.2 13.1 L 58.3 13.4 L 59.4 15.7 L 60.6 16.7 L 61.7 17.0 L 62.8 15.9 L 64.0 16.7 L 65.1 19.1 L 66.2 16.3 L 67.3 14.4 L 68.5 14.0 L 69.6 16.4 L 70.7 14.2 L 71.9 15.3 L 73.0 18.0 L 74.1 16.7 L 75.2 14.6 L 76.4 14.8 L 77.5 16.3 L 78.6 14.2 L 79.8 16.1 L 80.9 16.3 L 82.0 15.9 L 83.1 16.2 L 84.3 13.1 L 85.4 3.6 L 86.5 18.1 L 87.7 15.3 L 88.8 17.5 L 89.9 16.4 L 91.0 19.2 L 92.2 21.6 L 93.3 12.5 L 94.4 19.7 L 95.6 20.4 L 96.7 14.3 L 97.8 20.0 L 98.9 13.9 L 100.1 16.9 L 101.2 8.8 L 102.3 14.1 L 103.5 14.6 L 104.6 18.1 L 105.7 17.4 L 106.8 10.6 L 108.0 7.1 L 109.1 3.9 L 110.2 11.1 L 111.4 20.0 L 112.5 17.6 L 113.6 10.7 L 114.7 14.8 L 115.9 3.0 L 117.0 37.0" fill="none" stroke="#3b82f6" stroke-width="1.5" stroke-linecap="round" stroke-linejoin="round"/>
</svg>', '<svg xmlns="http://www.w3.org/2000/svg" viewBox="0 0 120 40" width="120" height="40">
  <path d="M 3.0 22.0 L 4.1 3.0 L 5.3 21.2 L 6.4 23.4 L 7.5 31.0 L 8.6 37.0 L 9.8 25.3 L 10.9 4.0 L 12.0 4.0 L 13.2 18.7 L 14.3 14.2 L 15.4 18.3 L 16.5 15.0 L 17.7 16.3 L 18.8 7.3 L 19.9 11.7 L 21.1 10.7 L 22.2 11.2 L 23.3 7.8 L 24.4 11.3 L 25.6 13.0 L 26.7 13.6 L 27.8 12.7 L 29.0 12.1 L 30.1 10.7 L 31.2 10.1 L 32.3 11.2 L 33.5 12.7 L 34.6 13.0 L 35.7 11.7 L 36.9 11.4 L 38.0 12.4 L 39.1 9.5 L 40.2 13.2 L 41.4 13.2 L 42.5 13.7 L 43.6 12.8 L 44.8 12.6 L 45.9 11.5 L 47.0 11.6 L 48.1 12.0 L 49.3 11.3 L 50.4 13.1 L 51.5 13.8 L 52.7 12.3 L 53.8 12.2 L 54.9 13.6 L 56.0 13.2 L 57.2 11.5 L 58.3 11.7 L 59.4 13.0 L 60.6 13.5 L 61.7 13.6 L 62.8 13.0 L 64.0 13.4 L 65.1 14.5 L 66.2 13.2 L 67.3 12.4 L 68.5 12.2 L 69.6 13.3 L 70.7 12.3 L 71.9 12.8 L 73.0 13.9 L 74.1 13.3 L 75.2 12.6 L 76.4 12.6 L 77.5 13.2 L 78.6 12.4 L 79.8 13.1 L 80.9 13.2 L 82.0 13.0 L 83.1 13.2 L 84.3 12.1 L 85.4 9.1 L 86.5 13.7 L 87.7 12.8 L 88.8 13.5 L 89.9 13.2 L 91.0 14.0 L 92.2 14.7 L 93.3 12.1 L 94.4 14.1 L 95.6 14.3 L 96.7 12.6 L 97.8 14.2 L 98.9 12.5 L 100.1 13.3 L 101.2 11.2 L 102.3 12.6 L 103.5 12.7 L 104.6 13.6 L 105.7 13.4 L 106.8 11.8 L 108.0 10.9 L 109.1 10.2 L 110.2 11.9 L 111.4 14.0 L 112.5 13.4 L 113.6 11.9 L 114.7 12.8 L 115.9 10.2 L 117.0 17.7" fill="none" stroke="#3b82f6" stroke-width="1.5" stroke-linecap="round" stroke-linejoin="round"/>
</svg>');
INSERT INTO public.spectra (id, object_id, grating, fits_path, reduction_version, signal_to_noise, thumbnail_svg_fnu, thumbnail_svg_flambda)
VALUES (11161, 'rubies_uds_p43_20258', 'G395M', 'spectra/rubies_uds_p43/rubies_uds_p43_g395m_f290lp_20258_spec.fits', 'v0.2', 13.7043514251709, '<svg xmlns="http://www.w3.org/2000/svg" viewBox="0 0 120 40" width="120" height="40">
  <path d="M 3.0 23.2 L 4.1 17.1 L 5.2 12.6 L 6.3 17.3 L 7.4 15.2 L 8.5 19.0 L 9.6 15.9 L 10.7 15.6 L 11.8 15.4 L 12.9 17.5 L 14.0 13.6 L 15.1 14.2 L 16.2 14.1 L 17.2 13.5 L 18.3 14.5 L 19.4 14.0 L 20.5 16.4 L 21.6 13.5 L 22.7 11.7 L 23.8 14.4 L 24.9 12.0 L 26.0 12.4 L 27.1 16.0 L 28.2 12.9 L 29.3 14.2 L 30.4 14.0 L 31.5 14.3 L 32.6 15.3 L 33.7 11.0 L 34.8 15.8 L 35.9 11.0 L 37.0 17.8 L 38.1 13.3 L 39.2 13.5 L 40.3 18.9 L 41.4 13.9 L 42.5 14.7 L 43.6 15.8 L 44.7 15.5 L 45.8 14.4 L 46.8 11.5 L 47.9 12.5 L 49.0 12.8 L 50.1 12.0 L 51.2 8.2 L 52.3 11.0 L 53.4 12.8 L 54.5 13.7 L 55.6 18.8 L 56.7 17.5 L 57.8 14.2 L 58.9 12.1 L 60.0 13.2 L 61.1 14.0 L 62.2 19.1 L 63.3 19.3 L 64.4 12.8 L 65.5 29.0 L 66.6 11.5 L 67.7 5.5 L 68.8 12.7 L 69.9 9.3 L 71.0 12.8 L 72.1 16.7 L 73.2 13.8 L 74.2 12.0 L 75.3 13.1 L 76.4 23.1 L 77.5 20.6 L 78.6 15.9 L 79.7 3.0 L 80.8 23.7 L 81.9 24.4 L 83.0 12.2 L 84.1 20.5 L 85.2 25.8 L 86.3 17.8 L 87.4 24.2 L 88.5 17.1 L 89.6 19.7 L 90.7 8.0 L 91.8 20.2 L 92.9 10.8 L 94.0 19.5 L 95.1 26.4 L 96.2 12.3 L 97.3 22.8 L 98.4 13.5 L 99.5 10.6 L 100.6 15.1 L 101.7 27.7 L 102.8 9.2 L 103.8 20.0 L 104.9 27.4 L 106.0 18.7 L 107.1 12.8 L 108.2 18.7 L 109.3 13.0 L 110.4 16.9 L 111.5 34.6 L 112.6 19.3 L 113.7 4.6 L 114.8 34.9 L 115.9 14.0 L 117.0 37.0" fill="none" stroke="#3b82f6" stroke-width="1.5" stroke-linecap="round" stroke-linejoin="round"/>
</svg>', '<svg xmlns="http://www.w3.org/2000/svg" viewBox="0 0 120 40" width="120" height="40">
  <path d="M 3.0 37.0 L 4.1 21.1 L 5.2 9.7 L 6.3 21.3 L 7.4 16.2 L 8.5 25.4 L 9.6 17.9 L 10.7 17.2 L 11.8 16.7 L 12.9 21.5 L 14.0 12.4 L 15.1 13.8 L 16.2 13.6 L 17.2 12.3 L 18.3 14.6 L 19.4 13.5 L 20.5 18.7 L 21.6 12.6 L 22.7 8.9 L 23.8 14.5 L 24.9 9.6 L 26.0 10.4 L 27.1 17.6 L 28.2 11.5 L 29.3 14.1 L 30.4 13.7 L 31.5 14.2 L 32.6 16.1 L 33.7 8.3 L 34.8 17.1 L 35.9 8.5 L 37.0 19.9 L 38.1 13.0 L 39.2 13.4 L 40.3 21.3 L 41.4 14.0 L 42.5 15.2 L 43.6 16.8 L 44.7 16.3 L 45.8 14.8 L 46.8 10.8 L 47.9 12.2 L 49.0 12.7 L 50.1 11.6 L 51.2 6.6 L 52.3 10.3 L 53.4 12.7 L 54.5 13.9 L 55.6 20.4 L 56.7 18.8 L 57.8 14.5 L 58.9 12.0 L 60.0 13.3 L 61.1 14.4 L 62.2 20.5 L 63.3 20.8 L 64.4 13.0 L 65.5 32.0 L 66.6 11.5 L 67.7 4.6 L 68.8 12.9 L 69.9 9.1 L 71.0 13.1 L 72.1 17.5 L 73.2 14.2 L 74.2 12.2 L 75.3 13.5 L 76.4 24.3 L 77.5 21.5 L 78.6 16.5 L 79.7 3.0 L 80.8 24.6 L 81.9 25.3 L 83.0 12.7 L 84.1 21.2 L 85.2 26.4 L 86.3 18.3 L 87.4 24.7 L 88.5 17.7 L 89.6 20.1 L 90.7 8.8 L 91.8 20.5 L 92.9 11.5 L 94.0 19.8 L 95.1 26.2 L 96.2 13.0 L 97.3 22.7 L 98.4 14.2 L 99.5 11.6 L 100.6 15.7 L 101.7 26.8 L 102.8 10.4 L 103.8 20.0 L 104.9 26.3 L 106.0 18.7 L 107.1 13.7 L 108.2 18.7 L 109.3 13.9 L 110.4 17.1 L 111.5 31.7 L 112.6 19.1 L 113.7 7.1 L 114.8 31.6 L 115.9 14.7 L 117.0 33.1" fill="none" stroke="#3b82f6" stroke-width="1.5" stroke-linecap="round" stroke-linejoin="round"/>
</svg>');
INSERT INTO public.spectra (id, object_id, grating, fits_path, reduction_version, signal_to_noise, thumbnail_svg_fnu, thumbnail_svg_flambda)
VALUES (11441, 'rubies_uds_p43_20258', 'PRISM', 'spectra/rubies_uds_p43/rubies_uds_p43_prism_clear_20258_spec.fits', 'v0.2', 3.97243285179138, '<svg xmlns="http://www.w3.org/2000/svg" viewBox="0 0 120 40" width="120" height="40">
  <path d="M 3.0 24.6 L 4.1 19.0 L 5.3 22.1 L 6.4 14.2 L 7.5 20.5 L 8.6 19.7 L 9.8 18.4 L 10.9 20.9 L 12.0 20.4 L 13.2 18.1 L 14.3 20.3 L 15.4 21.6 L 16.5 19.6 L 17.7 22.0 L 18.8 21.3 L 19.9 19.0 L 21.1 20.7 L 22.2 19.7 L 23.3 21.2 L 24.4 19.0 L 25.6 21.0 L 26.7 22.1 L 27.8 24.4 L 29.0 21.6 L 30.1 20.5 L 31.2 18.4 L 32.3 19.2 L 33.5 18.5 L 34.6 23.8 L 35.7 20.1 L 36.9 20.2 L 38.0 15.1 L 39.1 21.4 L 40.2 19.4 L 41.4 19.4 L 42.5 22.8 L 43.6 15.8 L 44.8 18.5 L 45.9 20.5 L 47.0 18.7 L 48.1 24.8 L 49.3 15.5 L 50.4 16.2 L 51.5 18.0 L 52.7 20.3 L 53.8 22.2 L 54.9 22.8 L 56.0 23.5 L 57.2 18.3 L 58.3 22.3 L 59.4 21.3 L 60.6 26.8 L 61.7 14.1 L 62.8 11.9 L 64.0 25.6 L 65.1 13.5 L 66.2 15.0 L 67.3 20.7 L 68.5 14.0 L 69.6 18.9 L 70.7 11.7 L 71.9 16.8 L 73.0 14.2 L 74.1 17.0 L 75.2 20.5 L 76.4 26.4 L 77.5 15.3 L 78.6 25.3 L 79.8 30.1 L 80.9 27.4 L 82.0 13.2 L 83.1 7.0 L 84.3 23.9 L 85.4 22.5 L 86.5 23.9 L 87.7 19.9 L 88.8 21.3 L 89.9 21.8 L 91.0 21.1 L 92.2 23.0 L 93.3 28.6 L 94.4 19.5 L 95.6 18.9 L 96.7 22.5 L 97.8 27.5 L 98.9 16.8 L 100.1 35.0 L 101.2 18.1 L 102.3 29.8 L 103.5 18.0 L 104.6 16.9 L 105.7 23.5 L 106.8 18.6 L 108.0 31.9 L 109.1 26.4 L 110.2 9.7 L 111.4 13.1 L 112.5 37.0 L 113.6 28.1 L 114.7 7.3 L 115.9 26.0 L 117.0 3.0" fill="none" stroke="#3b82f6" stroke-width="1.5" stroke-linecap="round" stroke-linejoin="round"/>
</svg>', '<svg xmlns="http://www.w3.org/2000/svg" viewBox="0 0 120 40" width="120" height="40">
  <path d="M 3.0 37.0 L 4.1 16.8 L 5.3 27.4 L 6.4 3.0 L 7.5 22.5 L 8.6 20.3 L 9.8 17.0 L 10.9 23.7 L 12.0 22.5 L 13.2 17.2 L 14.3 22.4 L 15.4 25.3 L 16.5 21.1 L 17.7 26.0 L 18.8 24.7 L 19.9 20.4 L 21.1 23.6 L 22.2 21.9 L 23.3 24.4 L 24.4 20.8 L 25.6 24.1 L 26.7 25.9 L 27.8 29.2 L 29.0 24.9 L 30.1 23.5 L 31.2 20.6 L 32.3 21.8 L 33.5 20.8 L 34.6 27.8 L 35.7 23.0 L 36.9 23.1 L 38.0 17.0 L 39.1 24.6 L 40.2 22.3 L 41.4 22.3 L 42.5 26.2 L 43.6 18.5 L 44.8 21.5 L 45.9 23.6 L 47.0 21.8 L 48.1 28.0 L 49.3 18.8 L 50.4 19.5 L 51.5 21.3 L 52.7 23.5 L 53.8 25.4 L 54.9 25.9 L 56.0 26.5 L 57.2 21.9 L 58.3 25.3 L 59.4 24.5 L 60.6 29.1 L 61.7 18.5 L 62.8 16.8 L 64.0 27.9 L 65.1 18.3 L 66.2 19.6 L 67.3 24.0 L 68.5 18.9 L 69.6 22.6 L 70.7 17.4 L 71.9 21.2 L 73.0 19.4 L 74.1 21.4 L 75.2 23.9 L 76.4 28.0 L 77.5 20.3 L 78.6 27.2 L 79.8 30.4 L 80.9 28.5 L 82.0 19.2 L 83.1 15.3 L 84.3 26.1 L 85.4 25.2 L 86.5 26.1 L 87.7 23.6 L 88.8 24.5 L 89.9 24.7 L 91.0 24.3 L 92.2 25.4 L 93.3 28.7 L 94.4 23.4 L 95.6 23.1 L 96.7 25.1 L 97.8 27.9 L 98.9 21.9 L 100.1 32.0 L 101.2 22.7 L 102.3 29.0 L 103.5 22.7 L 104.6 22.1 L 105.7 25.6 L 106.8 23.0 L 108.0 29.9 L 109.1 27.0 L 110.2 18.6 L 111.4 20.3 L 112.5 32.2 L 113.6 27.8 L 114.7 17.6 L 115.9 26.7 L 117.0 15.6" fill="none" stroke="#3b82f6" stroke-width="1.5" stroke-linecap="round" stroke-linejoin="round"/>
</svg>');
INSERT INTO public.spectra (id, object_id, grating, fits_path, reduction_version, signal_to_noise, thumbnail_svg_fnu, thumbnail_svg_flambda)
VALUES (21029, 'zenith_p17_1059311', 'PRISM', 'spectra/zenith_p17/zenith_p17_prism_clear_1059311_spec.fits', 'v0.2', 41.3703384399414, '<svg xmlns="http://www.w3.org/2000/svg" viewBox="0 0 120 40" width="120" height="40">
  <path d="M 3.0 37.0 L 4.1 18.3 L 5.3 18.2 L 6.4 18.9 L 7.5 18.2 L 8.6 17.7 L 9.8 17.9 L 10.9 18.6 L 12.0 18.5 L 13.2 12.7 L 14.3 16.7 L 15.4 16.2 L 16.5 16.6 L 17.7 16.7 L 18.8 15.9 L 19.9 16.2 L 21.1 16.7 L 22.2 16.4 L 23.3 17.0 L 24.4 16.7 L 25.6 17.1 L 26.7 16.7 L 27.8 17.0 L 29.0 17.1 L 30.1 16.7 L 31.2 16.7 L 32.3 17.2 L 33.5 17.2 L 34.6 16.7 L 35.7 17.0 L 36.9 17.1 L 38.0 16.8 L 39.1 16.6 L 40.2 17.6 L 41.4 17.2 L 42.5 15.2 L 43.6 16.9 L 44.8 17.6 L 45.9 16.8 L 47.0 16.6 L 48.1 17.3 L 49.3 17.4 L 50.4 17.2 L 51.5 18.0 L 52.7 17.8 L 53.8 17.4 L 54.9 17.3 L 56.0 16.9 L 57.2 17.7 L 58.3 8.3 L 59.4 15.8 L 60.6 19.1 L 61.7 16.6 L 62.8 17.4 L 64.0 17.6 L 65.1 17.0 L 66.2 18.4 L 67.3 16.9 L 68.5 17.2 L 69.6 17.3 L 70.7 18.9 L 71.9 17.6 L 73.0 16.0 L 74.1 16.8 L 75.2 17.0 L 76.4 18.3 L 77.5 17.7 L 78.6 18.5 L 79.8 17.2 L 80.9 18.4 L 82.0 17.4 L 83.1 16.5 L 84.3 17.0 L 85.4 15.7 L 86.5 16.3 L 87.7 3.0 L 88.8 17.0 L 89.9 15.2 L 91.0 12.4 L 92.2 16.2 L 93.3 12.2 L 94.4 18.3 L 95.6 16.8 L 96.7 12.1 L 97.8 21.8 L 98.9 16.4 L 100.1 18.7 L 101.2 18.9 L 102.3 18.4 L 103.5 17.2 L 104.6 15.0 L 105.7 19.2 L 106.8 15.5 L 108.0 20.1 L 109.1 13.3 L 110.2 18.7 L 111.4 16.2 L 112.5 14.0 L 113.6 11.8 L 114.7 20.0 L 115.9 17.1 L 117.0 13.6" fill="none" stroke="#3b82f6" stroke-width="1.5" stroke-linecap="round" stroke-linejoin="round"/>
</svg>', '<svg xmlns="http://www.w3.org/2000/svg" viewBox="0 0 120 40" width="120" height="40">
  <path d="M 3.0 37.0 L 4.1 7.3 L 5.3 7.3 L 6.4 8.2 L 7.5 7.4 L 8.6 6.8 L 9.8 7.1 L 10.9 7.7 L 12.0 7.7 L 13.2 3.0 L 14.3 6.4 L 15.4 6.2 L 16.5 6.6 L 17.7 6.7 L 18.8 6.5 L 19.9 6.7 L 21.1 7.0 L 22.2 7.0 L 23.3 7.2 L 24.4 7.2 L 25.6 7.3 L 26.7 7.3 L 27.8 7.4 L 29.0 7.4 L 30.1 7.4 L 31.2 7.4 L 32.3 7.5 L 33.5 7.5 L 34.6 7.4 L 35.7 7.5 L 36.9 7.5 L 38.0 7.5 L 39.1 7.5 L 40.2 7.6 L 41.4 7.5 L 42.5 7.4 L 43.6 7.5 L 44.8 7.6 L 45.9 7.5 L 47.0 7.5 L 48.1 7.6 L 49.3 7.6 L 50.4 7.6 L 51.5 7.6 L 52.7 7.6 L 53.8 7.6 L 54.9 7.6 L 56.0 7.6 L 57.2 7.6 L 58.3 7.2 L 59.4 7.5 L 60.6 7.7 L 61.7 7.6 L 62.8 7.6 L 64.0 7.6 L 65.1 7.6 L 66.2 7.6 L 67.3 7.6 L 68.5 7.6 L 69.6 7.6 L 70.7 7.7 L 71.9 7.6 L 73.0 7.6 L 74.1 7.6 L 75.2 7.6 L 76.4 7.6 L 77.5 7.6 L 78.6 7.6 L 79.8 7.6 L 80.9 7.6 L 82.0 7.6 L 83.1 7.6 L 84.3 7.6 L 85.4 7.6 L 86.5 7.6 L 87.7 7.2 L 88.8 7.6 L 89.9 7.6 L 91.0 7.5 L 92.2 7.6 L 93.3 7.5 L 94.4 7.6 L 95.6 7.6 L 96.7 7.5 L 97.8 7.7 L 98.9 7.6 L 100.1 7.7 L 101.2 7.7 L 102.3 7.6 L 103.5 7.6 L 104.6 7.6 L 105.7 7.7 L 106.8 7.6 L 108.0 7.7 L 109.1 7.5 L 110.2 7.7 L 111.4 7.6 L 112.5 7.6 L 113.6 7.5 L 114.7 7.7 L 115.9 7.6 L 117.0 7.6" fill="none" stroke="#3b82f6" stroke-width="1.5" stroke-linecap="round" stroke-linejoin="round"/>
</svg>');
INSERT INTO public.spectra (id, object_id, grating, fits_path, reduction_version, signal_to_noise, thumbnail_svg_fnu, thumbnail_svg_flambda)
VALUES (21059, 'zenith_p17_201064', 'PRISM', 'spectra/zenith_p17/zenith_p17_prism_clear_201064_spec.fits', 'v0.2', 5.22629404067993, '<svg xmlns="http://www.w3.org/2000/svg" viewBox="0 0 120 40" width="120" height="40">
  <path d="M 3.0 10.0 L 4.1 9.2 L 5.2 10.6 L 6.4 11.1 L 7.5 12.0 L 8.6 10.1 L 9.7 10.7 L 10.8 10.3 L 11.9 11.2 L 13.1 9.2 L 14.2 9.7 L 15.3 9.9 L 16.4 9.9 L 17.5 10.8 L 18.6 9.3 L 19.8 8.7 L 20.9 8.4 L 22.0 8.4 L 23.1 7.7 L 24.2 8.7 L 25.4 8.9 L 26.5 8.0 L 27.6 8.0 L 28.7 8.3 L 29.8 7.4 L 30.9 9.0 L 32.1 8.6 L 33.2 8.6 L 34.3 7.8 L 35.4 10.7 L 36.5 10.9 L 37.6 8.4 L 38.8 8.3 L 39.9 9.9 L 41.0 8.6 L 42.1 8.6 L 43.2 8.3 L 44.4 8.9 L 45.5 9.2 L 46.6 10.0 L 47.7 8.7 L 48.8 10.1 L 49.9 10.8 L 51.1 9.7 L 52.2 9.7 L 53.3 10.1 L 54.4 9.5 L 55.5 11.0 L 56.6 11.7 L 57.8 8.8 L 58.9 10.6 L 60.0 8.5 L 61.1 9.1 L 62.2 12.5 L 63.4 10.3 L 64.5 6.3 L 65.6 10.7 L 66.7 10.4 L 67.8 10.0 L 68.9 11.2 L 70.1 10.2 L 71.2 12.0 L 72.3 9.6 L 73.4 9.8 L 74.5 7.9 L 75.6 10.8 L 76.8 10.1 L 77.9 8.5 L 79.0 8.0 L 80.1 10.6 L 81.2 9.1 L 82.4 8.9 L 83.5 6.6 L 84.6 13.6 L 85.7 7.8 L 86.8 13.2 L 87.9 7.7 L 89.1 10.3 L 90.2 6.6 L 91.3 8.4 L 92.4 13.0 L 93.5 6.8 L 94.6 10.2 L 95.8 6.5 L 96.9 8.0 L 98.0 3.0 L 99.1 12.7 L 100.2 15.7 L 101.4 11.1 L 102.5 11.3 L 103.6 10.3 L 104.7 5.0 L 105.8 14.1 L 106.9 5.8 L 108.1 14.0 L 109.2 14.2 L 110.3 8.7 L 111.4 12.8 L 112.5 11.6 L 113.6 13.6 L 114.8 16.2 L 115.9 13.9 L 117.0 37.0" fill="none" stroke="#3b82f6" stroke-width="1.5" stroke-linecap="round" stroke-linejoin="round"/>
</svg>', '<svg xmlns="http://www.w3.org/2000/svg" viewBox="0 0 120 40" width="120" height="40">
  <path d="M 3.0 13.5 L 4.1 3.0 L 5.2 21.1 L 6.4 27.8 L 7.5 37.0 L 8.6 15.5 L 9.7 21.6 L 10.8 17.8 L 11.9 25.1 L 13.1 10.1 L 14.2 14.1 L 15.3 15.7 L 16.4 16.2 L 17.5 20.7 L 18.6 14.0 L 19.8 12.3 L 20.9 12.2 L 22.0 13.0 L 23.1 11.7 L 24.2 14.7 L 25.4 15.7 L 26.5 14.2 L 27.6 14.6 L 28.7 15.5 L 29.8 14.5 L 30.9 16.9 L 32.1 16.5 L 33.2 16.7 L 34.3 15.9 L 35.4 19.1 L 36.5 19.3 L 37.6 17.0 L 38.8 16.9 L 39.9 18.4 L 41.0 17.4 L 42.1 17.5 L 43.2 17.3 L 44.4 17.8 L 45.5 18.0 L 46.6 18.5 L 47.7 17.8 L 48.8 18.6 L 49.9 19.0 L 51.1 18.4 L 52.2 18.4 L 53.3 18.6 L 54.4 18.3 L 55.5 19.1 L 56.6 19.4 L 57.8 18.0 L 58.9 18.9 L 60.0 17.9 L 61.1 18.3 L 62.2 19.6 L 63.4 18.8 L 64.5 17.2 L 65.6 18.9 L 66.7 18.8 L 67.8 18.6 L 68.9 19.1 L 70.1 18.7 L 71.2 19.3 L 72.3 18.5 L 73.4 18.6 L 74.5 18.0 L 75.6 18.9 L 76.8 18.7 L 77.9 18.2 L 79.0 18.1 L 80.1 18.8 L 81.2 18.4 L 82.4 18.4 L 83.5 17.7 L 84.6 19.7 L 85.7 18.1 L 86.8 19.5 L 87.9 18.1 L 89.1 18.8 L 90.2 17.8 L 91.3 18.3 L 92.4 19.4 L 93.5 17.9 L 94.6 18.7 L 95.8 17.9 L 96.9 18.2 L 98.0 17.1 L 99.1 19.3 L 100.2 20.0 L 101.4 18.9 L 102.5 19.0 L 103.6 18.8 L 104.7 17.6 L 105.8 19.6 L 106.9 17.8 L 108.1 19.5 L 109.2 19.5 L 110.3 18.4 L 111.4 19.2 L 112.5 19.0 L 113.6 19.4 L 114.8 19.9 L 115.9 19.4 L 117.0 23.7" fill="none" stroke="#3b82f6" stroke-width="1.5" stroke-linecap="round" stroke-linejoin="round"/>
</svg>');
INSERT INTO public.spectra (id, object_id, grating, fits_path, reduction_version, signal_to_noise, thumbnail_svg_fnu, thumbnail_svg_flambda)
VALUES (21114, 'zenith_p17_971938', 'PRISM', 'spectra/zenith_p17/zenith_p17_prism_clear_971938_spec.fits', 'v0.2', 69.9680938720703, '<svg xmlns="http://www.w3.org/2000/svg" viewBox="0 0 120 40" width="120" height="40">
  <path d="M 3.0 34.3 L 3.9 33.6 L 4.7 34.5 L 5.6 34.8 L 6.5 34.4 L 7.3 34.0 L 8.2 34.4 L 9.0 34.9 L 9.9 33.9 L 10.8 33.9 L 11.6 34.3 L 12.5 33.6 L 13.4 34.1 L 14.2 33.6 L 15.1 33.5 L 16.0 32.6 L 16.8 32.6 L 17.7 32.7 L 18.5 32.2 L 19.4 32.7 L 20.3 32.7 L 21.1 32.5 L 22.0 32.4 L 22.9 32.2 L 23.7 32.5 L 24.6 32.8 L 25.5 32.7 L 26.3 32.3 L 27.2 31.8 L 28.0 32.2 L 28.9 32.0 L 29.8 31.9 L 30.6 32.1 L 31.5 31.7 L 32.4 32.6 L 33.2 32.1 L 34.1 32.3 L 35.0 32.4 L 35.8 33.0 L 36.7 31.4 L 37.5 32.3 L 38.4 32.0 L 39.3 32.0 L 40.1 31.9 L 41.0 31.4 L 41.9 28.1 L 42.7 32.1 L 43.6 29.1 L 44.5 33.0 L 45.3 29.8 L 46.2 32.0 L 47.0 29.9 L 47.9 33.4 L 48.8 33.4 L 49.6 32.0 L 50.5 28.2 L 51.4 32.3 L 52.2 33.8 L 53.1 32.3 L 54.0 32.6 L 54.8 32.4 L 55.7 32.3 L 56.5 32.7 L 57.4 32.2 L 58.3 31.6 L 59.1 28.7 L 60.0 25.9 L 60.9 3.0 L 61.7 23.3 L 62.6 31.9 L 63.5 33.2 L 64.3 31.6 L 65.2 32.8 L 66.0 32.7 L 66.9 32.6 L 67.8 33.9 L 68.6 33.0 L 69.5 32.8 L 70.4 34.2 L 71.2 33.7 L 72.1 34.2 L 73.0 33.7 L 73.8 35.1 L 74.7 31.3 L 75.5 33.2 L 76.4 32.5 L 77.3 28.7 L 78.1 32.9 L 79.0 33.1 L 79.9 32.7 L 80.7 31.5 L 81.6 31.4 L 82.5 32.2 L 83.3 32.7 L 84.2 31.4 L 85.0 33.0 L 85.9 33.2 L 86.8 30.9 L 87.6 29.4 L 88.5 34.0 L 89.4 33.1 L 90.2 30.9 L 91.1 33.4 L 92.0 3.5 L 92.8 20.3 L 93.7 32.2 L 94.5 33.6 L 95.4 30.5 L 96.3 29.0 L 97.1 35.2 L 98.0 33.9 L 98.9 32.6 L 99.7 34.0 L 100.6 33.3 L 101.5 31.5 L 102.3 33.6 L 103.2 30.2 L 104.0 30.9 L 104.9 32.4 L 105.8 31.5 L 106.6 27.8 L 107.5 32.6 L 108.4 36.8 L 109.2 30.5 L 110.1 33.4 L 111.0 28.3 L 111.8 28.3 L 112.7 34.9 L 113.5 27.5 L 114.4 28.1 L 115.3 37.0 L 116.1 31.4 L 117.0 26.7" fill="none" stroke="#3b82f6" stroke-width="1.5" stroke-linecap="round" stroke-linejoin="round"/>
</svg>', '<svg xmlns="http://www.w3.org/2000/svg" viewBox="0 0 120 40" width="120" height="40">
  <path d="M 3.0 24.4 L 3.9 7.2 L 4.7 28.9 L 5.6 37.0 L 6.5 27.0 L 7.3 18.1 L 8.2 28.3 L 9.0 36.9 L 9.9 19.5 L 10.8 18.6 L 11.6 26.7 L 12.5 15.7 L 13.4 23.4 L 14.2 18.3 L 15.1 18.0 L 16.0 8.3 L 16.8 10.8 L 17.7 12.9 L 18.5 9.9 L 19.4 15.4 L 20.3 16.9 L 21.1 16.3 L 22.0 17.1 L 22.9 17.3 L 23.7 19.5 L 24.6 21.4 L 25.5 21.8 L 26.3 20.9 L 27.2 19.5 L 28.0 21.5 L 28.9 21.3 L 29.8 21.6 L 30.6 22.7 L 31.5 22.0 L 32.4 24.6 L 33.2 23.5 L 34.1 24.4 L 35.0 24.7 L 35.8 26.1 L 36.7 23.2 L 37.5 25.0 L 38.4 24.7 L 39.3 24.9 L 40.1 24.9 L 41.0 24.3 L 41.9 19.5 L 42.7 25.6 L 43.6 21.6 L 44.5 27.0 L 45.3 23.0 L 46.2 25.8 L 47.0 23.5 L 47.9 27.7 L 48.8 27.7 L 49.6 26.2 L 50.5 22.1 L 51.4 26.7 L 52.2 28.3 L 53.1 26.8 L 54.0 27.1 L 54.8 27.0 L 55.7 26.9 L 56.5 27.4 L 57.4 27.0 L 58.3 26.4 L 59.1 24.0 L 60.0 21.7 L 60.9 3.0 L 61.7 19.9 L 62.6 27.0 L 63.5 28.0 L 64.3 26.8 L 65.2 27.7 L 66.0 27.6 L 66.9 27.6 L 67.8 28.5 L 68.6 27.9 L 69.5 27.8 L 70.4 28.8 L 71.2 28.5 L 72.1 28.8 L 73.0 28.5 L 73.8 29.4 L 74.7 27.0 L 75.5 28.2 L 76.4 27.8 L 77.3 25.6 L 78.1 28.0 L 79.0 28.1 L 79.9 28.0 L 80.7 27.3 L 81.6 27.3 L 82.5 27.7 L 83.3 28.0 L 84.2 27.3 L 85.0 28.2 L 85.9 28.3 L 86.8 27.1 L 87.6 26.4 L 88.5 28.7 L 89.4 28.3 L 90.2 27.2 L 91.1 28.5 L 92.0 14.1 L 92.8 22.2 L 93.7 27.9 L 94.5 28.6 L 95.4 27.2 L 96.3 26.5 L 97.1 29.3 L 98.0 28.7 L 98.9 28.1 L 99.7 28.8 L 100.6 28.5 L 101.5 27.7 L 102.3 28.6 L 103.2 27.2 L 104.0 27.5 L 104.9 28.1 L 105.8 27.8 L 106.6 26.3 L 107.5 28.2 L 108.4 29.9 L 109.2 27.4 L 110.1 28.6 L 111.0 26.6 L 111.8 26.6 L 112.7 29.1 L 113.5 26.4 L 114.4 26.6 L 115.3 29.9 L 116.1 27.9 L 117.0 26.1" fill="none" stroke="#3b82f6" stroke-width="1.5" stroke-linecap="round" stroke-linejoin="round"/>
</svg>');
INSERT INTO public.spectra (id, object_id, grating, fits_path, reduction_version, signal_to_noise, thumbnail_svg_fnu, thumbnail_svg_flambda)
VALUES (17985, 'zenith_p9_554020', 'PRISM', 'spectra/zenith_p9/zenith_p9_prism_clear_554020_spec.fits', 'v0.2', 4.32648658752441, '<svg xmlns="http://www.w3.org/2000/svg" viewBox="0 0 120 40" width="120" height="40">
  <path d="M 3.0 17.8 L 4.1 18.3 L 5.2 17.8 L 6.4 12.9 L 7.5 16.6 L 8.6 18.6 L 9.7 18.6 L 10.8 19.0 L 11.9 19.6 L 13.1 20.5 L 14.2 19.5 L 15.3 16.2 L 16.4 19.4 L 17.5 18.5 L 18.6 16.8 L 19.8 16.8 L 20.9 17.9 L 22.0 15.5 L 23.1 16.6 L 24.2 15.5 L 25.4 15.7 L 26.5 18.8 L 27.6 18.7 L 28.7 18.3 L 29.8 17.6 L 30.9 16.2 L 32.1 16.1 L 33.2 15.4 L 34.3 15.9 L 35.4 15.7 L 36.5 21.0 L 37.6 12.7 L 38.8 10.6 L 39.9 14.7 L 41.0 16.1 L 42.1 14.5 L 43.2 14.4 L 44.4 21.1 L 45.5 14.2 L 46.6 15.9 L 47.7 15.2 L 48.8 17.1 L 49.9 14.0 L 51.1 17.2 L 52.2 11.8 L 53.3 17.5 L 54.4 20.6 L 55.5 18.5 L 56.6 18.3 L 57.8 17.3 L 58.9 12.2 L 60.0 13.5 L 61.1 18.6 L 62.2 9.4 L 63.4 17.0 L 64.5 19.3 L 65.6 15.0 L 66.7 15.5 L 67.8 24.6 L 68.9 15.4 L 70.1 9.8 L 71.2 13.7 L 72.3 11.8 L 73.4 14.8 L 74.5 16.1 L 75.6 13.6 L 76.8 22.2 L 77.9 14.8 L 79.0 25.1 L 80.1 13.4 L 81.2 22.7 L 82.4 14.0 L 83.5 14.6 L 84.6 22.1 L 85.7 10.0 L 86.8 21.8 L 87.9 6.7 L 89.1 14.5 L 90.2 21.4 L 91.3 26.4 L 92.4 8.3 L 93.5 13.4 L 94.6 12.3 L 95.8 28.7 L 96.9 37.0 L 98.0 26.1 L 99.1 20.1 L 100.2 4.0 L 101.4 21.7 L 102.5 8.9 L 103.6 27.0 L 104.7 15.6 L 105.8 14.2 L 106.9 3.0 L 108.1 26.9 L 109.2 27.7 L 110.3 27.5 L 111.4 13.5 L 112.5 7.3 L 113.6 33.5 L 114.8 37.0 L 115.9 13.5 L 117.0 37.0" fill="none" stroke="#3b82f6" stroke-width="1.5" stroke-linecap="round" stroke-linejoin="round"/>
</svg>', '<svg xmlns="http://www.w3.org/2000/svg" viewBox="0 0 120 40" width="120" height="40">
  <path d="M 3.0 23.6 L 4.1 27.0 L 5.2 24.7 L 6.4 3.0 L 7.5 21.1 L 8.6 30.2 L 9.7 30.4 L 10.8 32.3 L 11.9 34.2 L 13.1 37.0 L 14.2 34.3 L 15.3 26.6 L 16.4 34.2 L 17.5 32.7 L 18.6 30.1 L 19.8 30.7 L 20.9 32.7 L 22.0 30.2 L 23.1 31.8 L 24.2 31.1 L 25.4 31.7 L 26.5 34.3 L 27.6 34.4 L 28.7 34.2 L 29.8 33.8 L 30.9 33.2 L 32.1 33.3 L 33.2 33.1 L 34.3 33.4 L 35.4 33.5 L 36.5 35.6 L 37.6 32.6 L 38.8 32.0 L 39.9 33.5 L 41.0 34.0 L 42.1 33.6 L 43.2 33.6 L 44.4 35.5 L 45.5 33.7 L 46.6 34.2 L 47.7 34.0 L 48.8 34.5 L 49.9 33.9 L 51.1 34.6 L 52.2 33.5 L 53.3 34.7 L 54.4 35.3 L 55.5 34.9 L 56.6 34.8 L 57.8 34.7 L 58.9 33.8 L 60.0 34.1 L 61.1 34.9 L 62.2 33.5 L 63.4 34.7 L 64.5 35.1 L 65.6 34.4 L 66.7 34.5 L 67.8 35.8 L 68.9 34.5 L 70.1 33.8 L 71.2 34.3 L 72.3 34.1 L 73.4 34.5 L 74.5 34.7 L 75.6 34.4 L 76.8 35.4 L 77.9 34.5 L 79.0 35.7 L 80.1 34.4 L 81.2 35.5 L 82.4 34.5 L 83.5 34.6 L 84.6 35.4 L 85.7 34.1 L 86.8 35.3 L 87.9 33.8 L 89.1 34.6 L 90.2 35.3 L 91.3 35.8 L 92.4 34.0 L 93.5 34.5 L 94.6 34.4 L 95.8 35.9 L 96.9 36.7 L 98.0 35.7 L 99.1 35.2 L 100.2 33.8 L 101.4 35.3 L 102.5 34.2 L 103.6 35.7 L 104.7 34.8 L 105.8 34.7 L 106.9 33.8 L 108.1 35.7 L 109.2 35.7 L 110.3 35.7 L 111.4 34.7 L 112.5 34.2 L 113.6 36.1 L 114.8 36.4 L 115.9 34.7 L 117.0 36.4" fill="none" stroke="#3b82f6" stroke-width="1.5" stroke-linecap="round" stroke-linejoin="round"/>
</svg>');
INSERT INTO public.spectra (id, object_id, grating, fits_path, reduction_version, signal_to_noise, thumbnail_svg_fnu, thumbnail_svg_flambda)
VALUES (18037, 'zenith_p9_557558', 'PRISM', 'spectra/zenith_p9/zenith_p9_prism_clear_557558_spec.fits', 'v0.2', 19.4392910003662, '<svg xmlns="http://www.w3.org/2000/svg" viewBox="0 0 120 40" width="120" height="40">
  <path d="M 3.0 30.1 L 4.1 31.7 L 5.2 34.9 L 6.3 34.0 L 7.4 35.8 L 8.5 34.0 L 9.6 34.6 L 10.7 37.0 L 11.8 34.2 L 12.9 34.3 L 14.0 33.7 L 15.1 34.1 L 16.2 34.3 L 17.2 32.9 L 18.3 33.6 L 19.4 33.8 L 20.5 33.0 L 21.6 33.7 L 22.7 32.8 L 23.8 32.4 L 24.9 31.7 L 26.0 26.9 L 27.1 25.5 L 28.2 24.0 L 29.3 23.3 L 30.4 23.4 L 31.5 25.0 L 32.6 29.0 L 33.7 24.9 L 34.8 24.5 L 35.9 24.6 L 37.0 23.0 L 38.1 25.9 L 39.2 23.6 L 40.3 22.2 L 41.4 24.5 L 42.5 25.2 L 43.6 25.0 L 44.7 23.0 L 45.8 25.6 L 46.8 23.3 L 47.9 26.5 L 49.0 23.2 L 50.1 26.0 L 51.2 25.8 L 52.3 23.5 L 53.4 24.8 L 54.5 25.2 L 55.6 24.4 L 56.7 24.9 L 57.8 23.5 L 58.9 22.6 L 60.0 25.4 L 61.1 25.5 L 62.2 24.9 L 63.3 22.2 L 64.4 20.5 L 65.5 23.5 L 66.6 22.3 L 67.7 19.2 L 68.8 22.9 L 69.9 22.9 L 71.0 21.4 L 72.1 24.7 L 73.2 20.0 L 74.2 19.1 L 75.3 26.2 L 76.4 21.2 L 77.5 24.9 L 78.6 19.1 L 79.7 21.3 L 80.8 22.9 L 81.9 20.4 L 83.0 19.3 L 84.1 21.4 L 85.2 26.7 L 86.3 24.8 L 87.4 18.1 L 88.5 22.2 L 89.6 29.3 L 90.7 26.3 L 91.8 21.2 L 92.9 29.5 L 94.0 24.4 L 95.1 19.9 L 96.2 31.5 L 97.3 21.7 L 98.4 21.8 L 99.5 14.7 L 100.6 27.6 L 101.7 29.2 L 102.8 21.8 L 103.8 25.7 L 104.9 11.5 L 106.0 27.5 L 107.1 21.4 L 108.2 18.9 L 109.3 26.2 L 110.4 24.0 L 111.5 27.8 L 112.6 27.1 L 113.7 28.2 L 114.8 21.9 L 115.9 17.8 L 117.0 3.0" fill="none" stroke="#3b82f6" stroke-width="1.5" stroke-linecap="round" stroke-linejoin="round"/>
</svg>', '<svg xmlns="http://www.w3.org/2000/svg" viewBox="0 0 120 40" width="120" height="40">
  <path d="M 3.0 3.0 L 4.1 10.3 L 5.2 22.2 L 6.3 20.5 L 7.4 26.4 L 8.5 22.7 L 9.6 25.2 L 10.7 31.4 L 11.8 26.3 L 12.9 27.4 L 14.0 27.2 L 15.1 28.9 L 16.2 30.0 L 17.2 29.1 L 18.3 30.8 L 19.4 31.7 L 20.5 31.6 L 21.6 32.9 L 22.7 32.7 L 23.8 33.0 L 24.9 33.0 L 26.0 31.0 L 27.1 31.0 L 28.2 30.9 L 29.3 31.2 L 30.4 31.7 L 31.5 32.7 L 32.6 34.2 L 33.7 33.3 L 34.8 33.4 L 35.9 33.7 L 37.0 33.5 L 38.1 34.4 L 39.2 34.0 L 40.3 33.9 L 41.4 34.5 L 42.5 34.8 L 43.6 34.9 L 44.7 34.6 L 45.8 35.2 L 46.8 34.9 L 47.9 35.5 L 49.0 35.1 L 50.1 35.5 L 51.2 35.6 L 52.3 35.3 L 53.4 35.6 L 54.5 35.7 L 55.6 35.6 L 56.7 35.7 L 57.8 35.6 L 58.9 35.6 L 60.0 35.9 L 61.1 36.0 L 62.2 36.0 L 63.3 35.7 L 64.4 35.6 L 65.5 35.9 L 66.6 35.9 L 67.7 35.6 L 68.8 36.0 L 69.9 36.0 L 71.0 35.9 L 72.1 36.2 L 73.2 35.9 L 74.2 35.8 L 75.3 36.4 L 76.4 36.0 L 77.5 36.4 L 78.6 35.9 L 79.7 36.1 L 80.8 36.3 L 81.9 36.1 L 83.0 36.1 L 84.1 36.2 L 85.2 36.6 L 86.3 36.5 L 87.4 36.1 L 88.5 36.4 L 89.6 36.8 L 90.7 36.6 L 91.8 36.3 L 92.9 36.9 L 94.0 36.6 L 95.1 36.3 L 96.2 37.0 L 97.3 36.4 L 98.4 36.5 L 99.5 36.1 L 100.6 36.8 L 101.7 36.9 L 102.8 36.5 L 103.8 36.7 L 104.9 36.0 L 106.0 36.8 L 107.1 36.5 L 108.2 36.4 L 109.3 36.8 L 110.4 36.7 L 111.5 36.9 L 112.6 36.9 L 113.7 36.9 L 114.8 36.6 L 115.9 36.5 L 117.0 35.8" fill="none" stroke="#3b82f6" stroke-width="1.5" stroke-linecap="round" stroke-linejoin="round"/>
</svg>');

-- ============================================
-- 7. User Program Access
-- ============================================

INSERT INTO public.user_program_access (user_id, program_id)
VALUES ('11111111-1111-1111-1111-111111111111', 6368);
INSERT INTO public.user_program_access (user_id, program_id)
VALUES ('11111111-1111-1111-1111-111111111111', 7076);
INSERT INTO public.user_program_access (user_id, program_id)
VALUES ('11111111-1111-1111-1111-111111111111', 7417);
INSERT INTO public.user_program_access (user_id, program_id)
VALUES ('11111111-1111-1111-1111-111111111111', 6585);
INSERT INTO public.user_program_access (user_id, program_id)
VALUES ('11111111-1111-1111-1111-111111111111', 5224);
INSERT INTO public.user_program_access (user_id, program_id)
VALUES ('11111111-1111-1111-1111-111111111111', 4233);
INSERT INTO public.user_program_access (user_id, program_id)
VALUES ('11111111-1111-1111-1111-111111111111', 2750);
INSERT INTO public.user_program_access (user_id, program_id)
VALUES ('22222222-2222-2222-2222-222222222222', 6368);
INSERT INTO public.user_program_access (user_id, program_id)
VALUES ('22222222-2222-2222-2222-222222222222', 6585);
INSERT INTO public.user_program_access (user_id, program_id)
VALUES ('22222222-2222-2222-2222-222222222222', 5224);
INSERT INTO public.user_program_access (user_id, program_id)
VALUES ('22222222-2222-2222-2222-222222222222', 4233);
INSERT INTO public.user_program_access (user_id, program_id)
VALUES ('22222222-2222-2222-2222-222222222222', 2750);
INSERT INTO public.user_program_access (user_id, program_id)
VALUES ('33333333-3333-3333-3333-333333333333', 6368);
INSERT INTO public.user_program_access (user_id, program_id)
VALUES ('33333333-3333-3333-3333-333333333333', 6585);
INSERT INTO public.user_program_access (user_id, program_id)
VALUES ('33333333-3333-3333-3333-333333333333', 5224);
INSERT INTO public.user_program_access (user_id, program_id)
VALUES ('33333333-3333-3333-3333-333333333333', 4233);
INSERT INTO public.user_program_access (user_id, program_id)
VALUES ('33333333-3333-3333-3333-333333333333', 2750);

-- ============================================
-- 8. Comments
-- ============================================

INSERT INTO public.comments (id, object_id, user_id, content, created_at, is_deleted)
VALUES (9, 1452, '11111111-1111-1111-1111-111111111111', 'Two overlapping sources at different redshifts', '2025-11-27T17:27:19.879114', FALSE);
INSERT INTO public.comments (id, object_id, user_id, content, created_at, is_deleted)
VALUES (50, 3492, '11111111-1111-1111-1111-111111111111', 'z=2.58 chosen as most likely from chi2 grid given photoz', '2025-12-10T23:59:14.81943', FALSE);
INSERT INTO public.comments (id, object_id, user_id, content, created_at, is_deleted)
VALUES (127, 9184, '11111111-1111-1111-1111-111111111111', 'Spectral overlap gives POSSIBLE [OIII] in grating, but not present in prism....', '2026-01-13T21:40:42.057345', FALSE);
INSERT INTO public.comments (id, object_id, user_id, content, created_at, is_deleted)
VALUES (160, 29938, '11111111-1111-1111-1111-111111111111', 'a possible z~10.6 solution, worth considering but far from robust', '2026-01-15T20:45:30.359758', FALSE);

-- ============================================
-- 9. Flag Audit Log
-- ============================================

INSERT INTO public.flag_audit_log (id, object_id, user_id, field_name, old_value, new_value, changed_at)
VALUES (89, 4, '11111111-1111-1111-1111-111111111111', 'redshift_quality', 0, 4, '2025-11-26T21:14:37.680453');
INSERT INTO public.flag_audit_log (id, object_id, user_id, field_name, old_value, new_value, changed_at)
VALUES (90, 4, '11111111-1111-1111-1111-111111111111', 'spectral_features', 0, 34, '2025-11-26T21:14:37.680453');
INSERT INTO public.flag_audit_log (id, object_id, user_id, field_name, old_value, new_value, changed_at)
VALUES (91, 4, '11111111-1111-1111-1111-111111111111', 'object_flags', 0, 48, '2025-11-26T21:14:37.680453');
INSERT INTO public.flag_audit_log (id, object_id, user_id, field_name, old_value, new_value, changed_at)
VALUES (77, 19, '11111111-1111-1111-1111-111111111111', 'redshift_quality', 0, 4, '2025-11-26T20:45:25.58506');
INSERT INTO public.flag_audit_log (id, object_id, user_id, field_name, old_value, new_value, changed_at)
VALUES (78, 19, '11111111-1111-1111-1111-111111111111', 'spectral_features', 0, 33, '2025-11-26T20:45:25.58506');
INSERT INTO public.flag_audit_log (id, object_id, user_id, field_name, old_value, new_value, changed_at)
VALUES (79, 19, '11111111-1111-1111-1111-111111111111', 'object_flags', 0, 48, '2025-11-26T20:45:25.58506');
INSERT INTO public.flag_audit_log (id, object_id, user_id, field_name, old_value, new_value, changed_at)
VALUES (128, 134, '11111111-1111-1111-1111-111111111111', 'spectral_features', 0, 37, '2025-11-27T14:38:05.435024');
INSERT INTO public.flag_audit_log (id, object_id, user_id, field_name, old_value, new_value, changed_at)
VALUES (129, 134, '11111111-1111-1111-1111-111111111111', 'object_flags', 0, 48, '2025-11-27T14:38:05.435024');
INSERT INTO public.flag_audit_log (id, object_id, user_id, field_name, old_value, new_value, changed_at)
VALUES (3581, 134, '11111111-1111-1111-1111-111111111111', 'redshift_quality', 0, 3, '2026-01-14T19:54:00.662503');
INSERT INTO public.flag_audit_log (id, object_id, user_id, field_name, old_value, new_value, changed_at)
VALUES (3580, 134, '11111111-1111-1111-1111-111111111111', 'redshift_quality', 0, 3, '2026-01-14T19:54:00.525249');
INSERT INTO public.flag_audit_log (id, object_id, user_id, field_name, old_value, new_value, changed_at)
VALUES (135, 137, '11111111-1111-1111-1111-111111111111', 'redshift_quality', 0, 2, '2025-11-27T14:39:21.462047');
INSERT INTO public.flag_audit_log (id, object_id, user_id, field_name, old_value, new_value, changed_at)
VALUES (136, 137, '11111111-1111-1111-1111-111111111111', 'spectral_features', 0, 32, '2025-11-27T14:39:21.462047');
INSERT INTO public.flag_audit_log (id, object_id, user_id, field_name, old_value, new_value, changed_at)
VALUES (137, 137, '11111111-1111-1111-1111-111111111111', 'object_flags', 0, 48, '2025-11-27T14:39:21.462047');
INSERT INTO public.flag_audit_log (id, object_id, user_id, field_name, old_value, new_value, changed_at)
VALUES (453, 1063, '11111111-1111-1111-1111-111111111111', 'redshift_quality', 0, 4, '2025-11-29T23:11:23.676679');
INSERT INTO public.flag_audit_log (id, object_id, user_id, field_name, old_value, new_value, changed_at)
VALUES (454, 1063, '11111111-1111-1111-1111-111111111111', 'spectral_features', 0, 32, '2025-11-29T23:11:23.676679');
INSERT INTO public.flag_audit_log (id, object_id, user_id, field_name, old_value, new_value, changed_at)
VALUES (455, 1063, '11111111-1111-1111-1111-111111111111', 'object_flags', 0, 1, '2025-11-29T23:11:23.676679');
INSERT INTO public.flag_audit_log (id, object_id, user_id, field_name, old_value, new_value, changed_at)
VALUES (339, 1263, '11111111-1111-1111-1111-111111111111', 'redshift_quality', 0, 4, '2025-11-29T22:32:39.474011');
INSERT INTO public.flag_audit_log (id, object_id, user_id, field_name, old_value, new_value, changed_at)
VALUES (340, 1263, '11111111-1111-1111-1111-111111111111', 'spectral_features', 0, 35, '2025-11-29T22:32:39.474011');
INSERT INTO public.flag_audit_log (id, object_id, user_id, field_name, old_value, new_value, changed_at)
VALUES (341, 1263, '11111111-1111-1111-1111-111111111111', 'object_flags', 0, 55, '2025-11-29T22:32:39.474011');
INSERT INTO public.flag_audit_log (id, object_id, user_id, field_name, old_value, new_value, changed_at)
VALUES (414, 1445, '11111111-1111-1111-1111-111111111111', 'redshift_quality', 0, 4, '2025-11-29T23:04:58.731127');
INSERT INTO public.flag_audit_log (id, object_id, user_id, field_name, old_value, new_value, changed_at)
VALUES (415, 1445, '11111111-1111-1111-1111-111111111111', 'spectral_features', 0, 34, '2025-11-29T23:04:58.731127');
INSERT INTO public.flag_audit_log (id, object_id, user_id, field_name, old_value, new_value, changed_at)
VALUES (416, 1445, '11111111-1111-1111-1111-111111111111', 'object_flags', 0, 16, '2025-11-29T23:04:58.731127');
INSERT INTO public.flag_audit_log (id, object_id, user_id, field_name, old_value, new_value, changed_at)
VALUES (402, 1449, '11111111-1111-1111-1111-111111111111', 'redshift_quality', 0, 4, '2025-11-29T23:03:56.253456');
INSERT INTO public.flag_audit_log (id, object_id, user_id, field_name, old_value, new_value, changed_at)
VALUES (403, 1449, '11111111-1111-1111-1111-111111111111', 'spectral_features', 0, 34, '2025-11-29T23:03:56.253456');
INSERT INTO public.flag_audit_log (id, object_id, user_id, field_name, old_value, new_value, changed_at)
VALUES (404, 1449, '11111111-1111-1111-1111-111111111111', 'object_flags', 0, 16, '2025-11-29T23:03:56.253456');
INSERT INTO public.flag_audit_log (id, object_id, user_id, field_name, old_value, new_value, changed_at)
VALUES (188, 1452, '11111111-1111-1111-1111-111111111111', 'redshift_quality', 0, 3, '2025-11-27T17:27:07.951896');
INSERT INTO public.flag_audit_log (id, object_id, user_id, field_name, old_value, new_value, changed_at)
VALUES (189, 1452, '11111111-1111-1111-1111-111111111111', 'spectral_features', 0, 32, '2025-11-27T17:27:07.951896');
INSERT INTO public.flag_audit_log (id, object_id, user_id, field_name, old_value, new_value, changed_at)
VALUES (190, 1452, '11111111-1111-1111-1111-111111111111', 'object_flags', 0, 48, '2025-11-27T17:27:07.951896');
INSERT INTO public.flag_audit_log (id, object_id, user_id, field_name, old_value, new_value, changed_at)
VALUES (191, 1452, '11111111-1111-1111-1111-111111111111', 'dq_flags', 0, 8, '2025-11-27T17:27:07.951896');
INSERT INTO public.flag_audit_log (id, object_id, user_id, field_name, old_value, new_value, changed_at)
VALUES (4283, 1512, '11111111-1111-1111-1111-111111111111', 'redshift_quality', 0, 1, '2026-01-19T16:50:45.10487');
INSERT INTO public.flag_audit_log (id, object_id, user_id, field_name, old_value, new_value, changed_at)
VALUES (4284, 1512, '11111111-1111-1111-1111-111111111111', 'dq_flags', 0, 16, '2026-01-19T16:50:45.10487');
INSERT INTO public.flag_audit_log (id, object_id, user_id, field_name, old_value, new_value, changed_at)
VALUES (4285, 1512, '11111111-1111-1111-1111-111111111111', 'redshift_quality', 0, 1, '2026-01-19T16:50:45.185801');
INSERT INTO public.flag_audit_log (id, object_id, user_id, field_name, old_value, new_value, changed_at)
VALUES (4286, 1512, '11111111-1111-1111-1111-111111111111', 'dq_flags', 0, 16, '2026-01-19T16:50:45.185801');
INSERT INTO public.flag_audit_log (id, object_id, user_id, field_name, old_value, new_value, changed_at)
VALUES (1473, 2993, '11111111-1111-1111-1111-111111111111', 'redshift_quality', 0, 3, '2025-12-11T19:52:51.20649');
INSERT INTO public.flag_audit_log (id, object_id, user_id, field_name, old_value, new_value, changed_at)
VALUES (1474, 2993, '11111111-1111-1111-1111-111111111111', 'spectral_features', 0, 5, '2025-12-11T19:52:51.20649');
INSERT INTO public.flag_audit_log (id, object_id, user_id, field_name, old_value, new_value, changed_at)
VALUES (1475, 2993, '11111111-1111-1111-1111-111111111111', 'object_flags', 0, 8, '2025-12-11T19:52:51.20649');
INSERT INTO public.flag_audit_log (id, object_id, user_id, field_name, old_value, new_value, changed_at)
VALUES (3014, 3479, '11111111-1111-1111-1111-111111111111', 'redshift_quality', 0, 4, '2026-01-12T17:14:41.355467');
INSERT INTO public.flag_audit_log (id, object_id, user_id, field_name, old_value, new_value, changed_at)
VALUES (3015, 3479, '11111111-1111-1111-1111-111111111111', 'spectral_features', 0, 35, '2026-01-12T17:14:41.355467');
INSERT INTO public.flag_audit_log (id, object_id, user_id, field_name, old_value, new_value, changed_at)
VALUES (3016, 3479, '11111111-1111-1111-1111-111111111111', 'object_flags', 0, 48, '2026-01-12T17:14:41.355467');
INSERT INTO public.flag_audit_log (id, object_id, user_id, field_name, old_value, new_value, changed_at)
VALUES (1460, 3492, '11111111-1111-1111-1111-111111111111', 'redshift_quality', 0, 3, '2025-12-10T23:58:58.179128');
INSERT INTO public.flag_audit_log (id, object_id, user_id, field_name, old_value, new_value, changed_at)
VALUES (1461, 3492, '11111111-1111-1111-1111-111111111111', 'spectral_features', 0, 5, '2025-12-10T23:58:58.179128');
INSERT INTO public.flag_audit_log (id, object_id, user_id, field_name, old_value, new_value, changed_at)
VALUES (1771, 7917, '11111111-1111-1111-1111-111111111111', 'redshift_quality', 0, 4, '2025-12-16T16:03:53.786819');
INSERT INTO public.flag_audit_log (id, object_id, user_id, field_name, old_value, new_value, changed_at)
VALUES (1772, 7917, '11111111-1111-1111-1111-111111111111', 'spectral_features', 0, 35, '2025-12-16T16:03:53.786819');
INSERT INTO public.flag_audit_log (id, object_id, user_id, field_name, old_value, new_value, changed_at)
VALUES (1773, 7917, '11111111-1111-1111-1111-111111111111', 'object_flags', 0, 16, '2025-12-16T16:03:53.786819');
INSERT INTO public.flag_audit_log (id, object_id, user_id, field_name, old_value, new_value, changed_at)
VALUES (1775, 8171, '11111111-1111-1111-1111-111111111111', 'redshift_quality', 0, 4, '2025-12-16T16:04:09.578941');
INSERT INTO public.flag_audit_log (id, object_id, user_id, field_name, old_value, new_value, changed_at)
VALUES (1776, 8171, '11111111-1111-1111-1111-111111111111', 'spectral_features', 0, 35, '2025-12-16T16:04:09.578941');
INSERT INTO public.flag_audit_log (id, object_id, user_id, field_name, old_value, new_value, changed_at)
VALUES (1777, 8171, '11111111-1111-1111-1111-111111111111', 'object_flags', 0, 16, '2025-12-16T16:04:09.578941');
INSERT INTO public.flag_audit_log (id, object_id, user_id, field_name, old_value, new_value, changed_at)
VALUES (4259, 8381, '11111111-1111-1111-1111-111111111111', 'redshift_quality', 0, 3, '2026-01-19T16:44:13.898871');
INSERT INTO public.flag_audit_log (id, object_id, user_id, field_name, old_value, new_value, changed_at)
VALUES (4260, 8381, '11111111-1111-1111-1111-111111111111', 'spectral_features', 0, 32, '2026-01-19T16:44:13.898871');
INSERT INTO public.flag_audit_log (id, object_id, user_id, field_name, old_value, new_value, changed_at)
VALUES (4261, 8381, '11111111-1111-1111-1111-111111111111', 'object_flags', 0, 16, '2026-01-19T16:44:13.898871');
INSERT INTO public.flag_audit_log (id, object_id, user_id, field_name, old_value, new_value, changed_at)
VALUES (4262, 8381, '11111111-1111-1111-1111-111111111111', 'redshift_quality', 0, 3, '2026-01-19T16:44:14.373845');
INSERT INTO public.flag_audit_log (id, object_id, user_id, field_name, old_value, new_value, changed_at)
VALUES (4263, 8381, '11111111-1111-1111-1111-111111111111', 'spectral_features', 0, 32, '2026-01-19T16:44:14.373845');
INSERT INTO public.flag_audit_log (id, object_id, user_id, field_name, old_value, new_value, changed_at)
VALUES (4264, 8381, '11111111-1111-1111-1111-111111111111', 'object_flags', 0, 16, '2026-01-19T16:44:14.373845');
INSERT INTO public.flag_audit_log (id, object_id, user_id, field_name, old_value, new_value, changed_at)
VALUES (3236, 9184, '11111111-1111-1111-1111-111111111111', 'redshift_quality', 0, 2, '2026-01-13T21:40:40.601203');
INSERT INTO public.flag_audit_log (id, object_id, user_id, field_name, old_value, new_value, changed_at)
VALUES (3237, 9184, '11111111-1111-1111-1111-111111111111', 'spectral_features', 0, 32, '2026-01-13T21:40:40.601203');
INSERT INTO public.flag_audit_log (id, object_id, user_id, field_name, old_value, new_value, changed_at)
VALUES (3238, 9184, '11111111-1111-1111-1111-111111111111', 'object_flags', 0, 16, '2026-01-13T21:40:40.601203');
INSERT INTO public.flag_audit_log (id, object_id, user_id, field_name, old_value, new_value, changed_at)
VALUES (3239, 9184, '11111111-1111-1111-1111-111111111111', 'dq_flags', 0, 72, '2026-01-13T21:40:40.601203');
INSERT INTO public.flag_audit_log (id, object_id, user_id, field_name, old_value, new_value, changed_at)
VALUES (1859, 13423, '11111111-1111-1111-1111-111111111111', 'redshift_quality', 0, 4, '2025-12-17T03:11:27.767098');
INSERT INTO public.flag_audit_log (id, object_id, user_id, field_name, old_value, new_value, changed_at)
VALUES (1860, 13423, '11111111-1111-1111-1111-111111111111', 'spectral_features', 0, 32, '2025-12-17T03:11:27.767098');
INSERT INTO public.flag_audit_log (id, object_id, user_id, field_name, old_value, new_value, changed_at)
VALUES (1861, 13423, '11111111-1111-1111-1111-111111111111', 'object_flags', 0, 16, '2025-12-17T03:11:27.767098');
INSERT INTO public.flag_audit_log (id, object_id, user_id, field_name, old_value, new_value, changed_at)
VALUES (1862, 13423, '11111111-1111-1111-1111-111111111111', 'dq_flags', 0, 1, '2025-12-17T03:11:27.767098');
INSERT INTO public.flag_audit_log (id, object_id, user_id, field_name, old_value, new_value, changed_at)
VALUES (2868, 28950, '11111111-1111-1111-1111-111111111111', 'redshift_quality', 0, 2, '2026-01-09T05:20:12.259589');
INSERT INTO public.flag_audit_log (id, object_id, user_id, field_name, old_value, new_value, changed_at)
VALUES (2869, 28950, '11111111-1111-1111-1111-111111111111', 'object_flags', 0, 64, '2026-01-09T05:20:12.259589');
INSERT INTO public.flag_audit_log (id, object_id, user_id, field_name, old_value, new_value, changed_at)
VALUES (3745, 29938, '11111111-1111-1111-1111-111111111111', 'redshift_quality', 0, 2, '2026-01-15T20:45:35.743125');
INSERT INTO public.flag_audit_log (id, object_id, user_id, field_name, old_value, new_value, changed_at)
VALUES (2567, 31290, '11111111-1111-1111-1111-111111111111', 'redshift_quality', 0, 4, '2026-01-08T03:16:25.342874');
INSERT INTO public.flag_audit_log (id, object_id, user_id, field_name, old_value, new_value, changed_at)
VALUES (2568, 31290, '11111111-1111-1111-1111-111111111111', 'spectral_features', 0, 35, '2026-01-08T03:16:25.342874');
INSERT INTO public.flag_audit_log (id, object_id, user_id, field_name, old_value, new_value, changed_at)
VALUES (2569, 31290, '11111111-1111-1111-1111-111111111111', 'object_flags', 0, 52, '2026-01-08T03:16:25.342874');
INSERT INTO public.flag_audit_log (id, object_id, user_id, field_name, old_value, new_value, changed_at)
VALUES (2575, 31320, '11111111-1111-1111-1111-111111111111', 'redshift_quality', 0, 3, '2026-01-08T03:17:42.664324');
INSERT INTO public.flag_audit_log (id, object_id, user_id, field_name, old_value, new_value, changed_at)
VALUES (2576, 31320, '11111111-1111-1111-1111-111111111111', 'spectral_features', 0, 18, '2026-01-08T03:17:42.664324');
INSERT INTO public.flag_audit_log (id, object_id, user_id, field_name, old_value, new_value, changed_at)
VALUES (2563, 31375, '11111111-1111-1111-1111-111111111111', 'redshift_quality', 0, 4, '2026-01-08T03:10:40.807607');
INSERT INTO public.flag_audit_log (id, object_id, user_id, field_name, old_value, new_value, changed_at)
VALUES (2564, 31375, '11111111-1111-1111-1111-111111111111', 'spectral_features', 0, 35, '2026-01-08T03:10:40.807607');
INSERT INTO public.flag_audit_log (id, object_id, user_id, field_name, old_value, new_value, changed_at)
VALUES (2565, 31375, '11111111-1111-1111-1111-111111111111', 'object_flags', 0, 48, '2026-01-08T03:10:40.807607');
INSERT INTO public.flag_audit_log (id, object_id, user_id, field_name, old_value, new_value, changed_at)
VALUES (3351, 32362, '11111111-1111-1111-1111-111111111111', 'redshift_quality', 0, 2, '2026-01-13T22:17:01.021328');
INSERT INTO public.flag_audit_log (id, object_id, user_id, field_name, old_value, new_value, changed_at)
VALUES (3352, 32362, '11111111-1111-1111-1111-111111111111', 'spectral_features', 0, 2, '2026-01-13T22:17:01.021328');
INSERT INTO public.flag_audit_log (id, object_id, user_id, field_name, old_value, new_value, changed_at)
VALUES (3353, 32362, '11111111-1111-1111-1111-111111111111', 'dq_flags', 0, 32, '2026-01-13T22:17:01.021328');
INSERT INTO public.flag_audit_log (id, object_id, user_id, field_name, old_value, new_value, changed_at)
VALUES (3354, 32362, '11111111-1111-1111-1111-111111111111', 'redshift_quality', 0, 2, '2026-01-13T22:17:01.122874');
INSERT INTO public.flag_audit_log (id, object_id, user_id, field_name, old_value, new_value, changed_at)
VALUES (3355, 32362, '11111111-1111-1111-1111-111111111111', 'spectral_features', 0, 2, '2026-01-13T22:17:01.122874');
INSERT INTO public.flag_audit_log (id, object_id, user_id, field_name, old_value, new_value, changed_at)
VALUES (3356, 32362, '11111111-1111-1111-1111-111111111111', 'dq_flags', 0, 32, '2026-01-13T22:17:01.122874');

-- ============================================
-- 10. Access Codes
-- ============================================

INSERT INTO public.access_codes (code, description, grants_all_programs, is_active, created_by)
VALUES ('CAMPFIRE-DEV', 'Development access code - grants all programs', TRUE, TRUE, '11111111-1111-1111-1111-111111111111');
INSERT INTO public.access_codes (code, description, grants_all_programs, program_ids, is_active, created_by)
VALUES ('EMBER-ACCESS', 'EMBER program access code', FALSE, ARRAY[7076], TRUE, '11111111-1111-1111-1111-111111111111');

-- ============================================
-- 11. Materialized View Refresh
-- ============================================

REFRESH MATERIALIZED VIEW public.mv_filter_options;

-- ============================================
-- 12. Reset Sequences
-- ============================================

SELECT setval('public.objects_id_seq', 32363, false);
SELECT setval('public.spectra_id_seq', 22102, false);
SELECT setval('public.comments_id_seq', 161, false);
SELECT setval('public.flag_audit_log_id_seq', 4287, false);
